state,week,days,week_id,positiveIncrease,totalTestResultsIncrease,deathIncrease,hospitalizedCurrently,Party,population,lockdown_days,state_full,region,positive_rate,death_rate,hosp_rate,lockdown_class
AK,2020-03-15,7,-1,13,628,0,NA,Republican,738516,30,Alaska,West,2.1,0,NA,3.Short
AK,2020-03-22,7,0,71,2149,2,NA,Republican,738516,30,Alaska,West,3.3,2.7081,NA,3.Short
AK,2020-03-29,7,1,86,3119,3,NA,Republican,738516,30,Alaska,West,2.8,4.0622,NA,3.Short
AK,2020-04-05,7,2,86,1692,3,NA,Republican,738516,30,Alaska,West,5.1,4.0622,NA,3.Short
AK,2020-04-12,7,3,57,1923,1,39,Republican,738516,30,Alaska,West,3,1.3541,52.8086,3.Short
AK,2020-04-19,7,4,25,6077,0,39.142857142857146,Republican,738516,30,Alaska,West,0.4,0,53.002,3.Short
AK,2020-04-26,7,5,26,5667,0,15.428571428571429,Republican,738516,30,Alaska,West,0.5,0,20.8913,3.Short
AK,2020-05-03,7,6,13,5050,1,11.571428571428571,Republican,738516,30,Alaska,West,0.3,1.3541,15.6685,3.Short
AK,2020-05-10,7,7,14,6832,0,9.571428571428571,Republican,738516,30,Alaska,West,0.2,0,12.9604,3.Short
AK,2020-05-17,7,8,16,9070,0,14,Republican,738516,30,Alaska,West,0.2,0,18.9569,3.Short
AK,2020-05-24,7,9,26,9344,0,12,Republican,738516,30,Alaska,West,0.3,0,16.2488,3.Short
AK,2020-05-31,7,10,102,12206,0,10.428571428571429,Republican,738516,30,Alaska,West,0.8,0,14.121,3.Short
AK,2020-06-07,7,11,118,7902,2,13.285714285714286,Republican,738516,30,Alaska,West,1.5,2.7081,17.9897,3.Short
AK,2020-06-14,7,12,89,15115,0,18.428571428571427,Republican,738516,30,Alaska,West,0.6,0,24.9535,3.Short
AL,2020-03-15,7,-1,118,124,0,NA,Republican,4864680,26,Alabama,South,95.2,0,NA,3.Short
AL,2020-03-22,7,0,572,4728,3,NA,Republican,4864680,26,Alabama,South,12.1,0.6167,NA,3.Short
AL,2020-03-29,7,1,884,5973,40,NA,Republican,4864680,26,Alabama,South,14.8,8.2225,NA,3.Short
AL,2020-04-05,7,2,1611,10396,48,NA,Republican,4864680,26,Alabama,South,15.5,9.867,NA,3.Short
AL,2020-04-12,7,3,1464,21289,55,NA,Republican,4864680,26,Alabama,South,6.9,11.306,NA,3.Short
AL,2020-04-19,7,4,1482,28806,66,NA,Republican,4864680,26,Alabama,South,5.1,13.5672,NA,3.Short
AL,2020-04-26,7,5,1297,20865,76,NA,Republican,4864680,26,Alabama,South,6.2,15.6228,NA,3.Short
AL,2020-05-03,7,6,2133,33285,100,NA,Republican,4864680,26,Alabama,South,6.4,20.5563,NA,3.Short
AL,2020-05-10,7,7,1956,28000,97,NA,Republican,4864680,26,Alabama,South,7,19.9396,NA,3.Short
AL,2020-05-17,7,8,2415,29182,61,NA,Republican,4864680,26,Alabama,South,8.3,12.5394,NA,3.Short
AL,2020-05-24,7,9,3421,29525,72,NA,Republican,4864680,26,Alabama,South,11.6,14.8006,NA,3.Short
AL,2020-05-31,7,10,2684,33443,71,NA,Republican,4864680,26,Alabama,South,8,14.595,NA,3.Short
AL,2020-06-07,7,11,4558,47608,84,624,Republican,4864680,26,Alabama,South,9.6,17.2673,128.2715,3.Short
AL,2020-06-14,7,12,4948,46271,65,629.4285714285714,Republican,4864680,26,Alabama,South,10.7,13.3616,129.3875,3.Short
AR,2020-03-15,7,-1,106,608,0,NA,Republican,2990671,0,Arkansas,South,17.4,0,NA,4.None
AR,2020-03-22,7,0,286,2657,5,29.571428571428573,Republican,2990671,0,Arkansas,South,10.8,1.6719,9.8879,4.None
AR,2020-03-29,7,1,339,7028,9,62,Republican,2990671,0,Arkansas,South,4.8,3.0094,20.7311,4.None
AR,2020-04-05,7,2,483,8208,10,76.57142857142857,Republican,2990671,0,Arkansas,South,5.9,3.3437,25.6034,4.None
AR,2020-04-12,7,3,513,5563,14,80.85714285714286,Republican,2990671,0,Arkansas,South,9.2,4.6812,27.0365,4.None
AR,2020-04-19,7,4,1090,13912,9,95.71428571428571,Republican,2990671,0,Arkansas,South,7.8,3.0094,32.0043,4.None
AR,2020-04-26,7,5,543,13529,26,99.28571428571429,Republican,2990671,0,Arkansas,South,4,8.6937,33.1985,4.None
AR,2020-05-03,7,6,375,13946,15,78.85714285714286,Republican,2990671,0,Arkansas,South,2.7,5.0156,26.3677,4.None
AR,2020-05-10,7,7,831,16116,10,62.42857142857143,Republican,2990671,0,Arkansas,South,5.2,3.3437,20.8744,4.None
AR,2020-05-17,7,8,1034,21403,15,77.57142857142857,Republican,2990671,0,Arkansas,South,4.8,5.0156,25.9378,4.None
AR,2020-05-24,7,9,1401,23450,20,100.71428571428571,Republican,2990671,0,Arkansas,South,6,6.6875,33.6762,4.None
AR,2020-05-31,7,10,2088,30260,21,131.71428571428572,Republican,2990671,0,Arkansas,South,6.9,7.0218,44.0417,4.None
AR,2020-06-07,7,11,2446,30260,22,180.42857142857142,Republican,2990671,0,Arkansas,South,8.1,7.3562,60.3305,4.None
AR,2020-06-14,7,12,3595,55217,48,216.42857142857142,Republican,2990671,0,Arkansas,South,6.5,16.0499,72.3679,4.None
AZ,2020-03-15,7,-1,92,211,1,NA,Republican,6946685,45,Arizona,West,43.6,0.144,NA,2.Medium
AZ,2020-03-22,7,0,769,7984,14,NA,Republican,6946685,45,Arizona,West,9.6,2.0153,NA,2.Medium
AZ,2020-03-29,7,1,1146,18832,37,NA,Republican,6946685,45,Arizona,West,6.1,5.3263,NA,2.Medium
AZ,2020-04-05,7,2,1374,13370,56,NA,Republican,6946685,45,Arizona,West,10.3,8.0614,NA,2.Medium
AZ,2020-04-12,7,3,1326,10515,69,567.5,Republican,6946685,45,Arizona,West,12.6,9.9328,81.6936,2.Medium
AZ,2020-04-19,7,4,1561,11463,89,657.7142857142857,Republican,6946685,45,Arizona,West,13.6,12.8119,94.6803,2.Medium
AZ,2020-04-26,7,5,2084,15489,82,713.2857142857143,Republican,6946685,45,Arizona,West,13.5,11.8042,102.68,2.Medium
AZ,2020-05-03,7,6,2596,27813,184,736,Republican,6946685,45,Arizona,West,9.3,26.4875,105.9498,2.Medium
AZ,2020-05-10,7,7,2671,40978,147,761.4285714285714,Republican,6946685,45,Arizona,West,6.5,21.1612,109.6103,2.Medium
AZ,2020-05-17,7,8,2408,33651,120,801.4285714285714,Republican,6946685,45,Arizona,West,7.2,17.2744,115.3685,2.Medium
AZ,2020-05-24,7,9,3216,36608,104,888.1428571428571,Republican,6946685,45,Arizona,West,8.8,14.9712,127.8513,2.Medium
AZ,2020-05-31,7,10,6196,54599,139,1090.4285714285713,Republican,6946685,45,Arizona,West,11.3,20.0095,156.9711,2.Medium
AZ,2020-06-07,7,11,9007,56751,141,1296.2857142857142,Republican,6946685,45,Arizona,West,15.9,20.2975,186.6049,2.Medium
AZ,2020-06-14,7,12,15340,76883,155,1633,Republican,6946685,45,Arizona,West,20,22.3128,235.0762,2.Medium
CA,2020-03-15,7,-1,1027,11360,19,NA,Democratic,39148760,89,California,West,9,0.4853,NA,1.Long
CA,2020-03-22,7,0,3364,12664,77,890,Democratic,39148760,89,California,West,26.6,1.9669,22.7338,1.Long
CA,2020-03-29,7,1,7383,88508,175,1764,Democratic,39148760,89,California,West,8.3,4.4701,45.0589,1.Long
CA,2020-04-05,7,2,8589,59519,333,3027.1428571428573,Democratic,39148760,89,California,West,14.4,8.506,77.3241,1.Long
CA,2020-04-12,7,3,8348,86447,463,4776.285714285715,Democratic,39148760,89,California,West,9.7,11.8267,122.0035,1.Long
CA,2020-04-19,7,4,12174,246369,579,4847.285714285715,Democratic,39148760,89,California,West,4.9,14.7897,123.8171,1.Long
CA,2020-04-26,7,5,11060,180768,520,4887,Democratic,39148760,89,California,West,6.1,13.2827,124.8315,1.Long
CA,2020-05-03,7,6,12364,225767,507,4609.285714285715,Democratic,39148760,89,California,West,5.5,12.9506,117.7377,1.Long
CA,2020-05-10,7,7,12232,266556,526,4541.571428571428,Democratic,39148760,89,California,West,4.6,13.4359,116.0081,1.Long
CA,2020-05-17,7,8,13838,336180,504,4509.285714285715,Democratic,39148760,89,California,West,4.1,12.874,115.1834,1.Long
CA,2020-05-24,7,9,16247,373289,448,4387.428571428572,Democratic,39148760,89,California,West,4.4,11.4435,112.0707,1.Long
CA,2020-05-31,7,10,19138,419705,403,4435.142857142857,Democratic,39148760,89,California,West,4.6,10.2941,113.2895,1.Long
CA,2020-06-07,7,11,19627,416093,430,4536.857142857143,Democratic,39148760,89,California,West,4.7,10.9837,115.8876,1.Long
CA,2020-06-14,7,12,23666,510019,435,4472.428571428572,Democratic,39148760,89,California,West,4.6,11.1115,114.2419,1.Long
CO,2020-03-15,7,-1,262,2969,3,NA,Democratic,5531141,31,Colorado,West,8.8,0.5424,NA,2.Medium
CO,2020-03-22,7,0,1371,7996,27,173.28571428571428,Democratic,5531141,31,Colorado,West,17.1,4.8815,31.3291,2.Medium
CO,2020-03-29,7,1,2439,10395,80,568.7142857142857,Democratic,5531141,31,Colorado,West,23.5,14.4636,102.8204,2.Medium
CO,2020-04-05,7,2,2337,10582,139,817,Democratic,5531141,31,Colorado,West,22.1,25.1304,147.7091,2.Medium
CO,2020-04-12,7,3,2537,10654,141,855.7142857142857,Democratic,5531141,31,Colorado,West,23.8,25.492,154.7085,2.Medium
CO,2020-04-19,7,4,3209,13482,283,926.7142857142857,Democratic,5531141,31,Colorado,West,23.8,51.1649,167.5449,2.Medium
CO,2020-04-26,7,5,3512,20160,146,981,Democratic,5531141,31,Colorado,West,17.4,26.396,177.3594,2.Medium
CO,2020-05-03,7,6,3059,19823,140,828.7142857142857,Democratic,5531141,31,Colorado,West,15.4,25.3112,149.827,2.Medium
CO,2020-05-10,7,7,2405,25068,190,690,Democratic,5531141,31,Colorado,West,9.6,34.351,124.7482,2.Medium
CO,2020-05-17,7,8,2255,23112,174,622.2857142857143,Democratic,5531141,31,Colorado,West,9.8,31.4582,112.5058,2.Medium
CO,2020-05-24,7,9,2126,30789,112,491.14285714285717,Democratic,5531141,31,Colorado,West,6.9,20.249,88.7959,2.Medium
CO,2020-05-31,7,10,2002,32536,88,369.14285714285717,Democratic,5531141,31,Colorado,West,6.2,15.9099,66.739,2.Medium
CO,2020-06-07,7,11,1207,28184,71,294.2857142857143,Democratic,5531141,31,Colorado,West,4.3,12.8364,53.2052,2.Medium
CO,2020-06-14,7,12,1365,36608,48,270.57142857142856,Democratic,5531141,31,Colorado,West,3.7,8.6781,48.9178,2.Medium
CT,2020-03-15,7,-1,183,2164,4,NA,Democratic,3581504,58,Connecticut,Northeast,8.5,1.1168,NA,2.Medium
CT,2020-03-22,7,0,1097,6100,23,107.42857142857143,Democratic,3581504,58,Connecticut,Northeast,18,6.4219,29.9954,2.Medium
CT,2020-03-29,7,1,3985,13629,138,723.4285714285714,Democratic,3581504,58,Connecticut,Northeast,29.2,38.5313,201.9902,2.Medium
CT,2020-04-05,7,2,6234,17802,329,1371.142857142857,Democratic,3581504,58,Connecticut,Northeast,35,91.8608,382.84,2.Medium
CT,2020-04-12,7,3,5299,15631,542,1845.5714285714287,Democratic,3581504,58,Connecticut,Northeast,33.9,151.3331,515.3063,2.Medium
CT,2020-04-19,7,4,7773,22140,826,1916,Democratic,3581504,58,Connecticut,Northeast,35.1,230.6294,534.9708,2.Medium
CT,2020-04-26,7,5,4182,22655,477,1683,Democratic,3581504,58,Connecticut,Northeast,18.5,133.1843,469.9143,2.Medium
CT,2020-05-03,7,6,4220,23312,593,1428.142857142857,Democratic,3581504,58,Connecticut,Northeast,18.1,165.5729,398.7551,2.Medium
CT,2020-05-10,7,7,3719,41186,407,1133,Democratic,3581504,58,Connecticut,Northeast,9,113.6394,316.3475,2.Medium
CT,2020-05-17,7,8,3319,43612,336,848.2857142857143,Democratic,3581504,58,Connecticut,Northeast,7.6,93.8153,236.8518,2.Medium
CT,2020-05-24,7,9,2000,38568,237,649,Democratic,3581504,58,Connecticut,Northeast,5.2,66.1733,181.2088,2.Medium
CT,2020-05-31,7,10,1796,48614,143,404.42857142857144,Democratic,3581504,58,Connecticut,Northeast,3.7,39.9274,112.9214,2.Medium
CT,2020-06-07,7,11,1176,48705,131,277.57142857142856,Democratic,3581504,58,Connecticut,Northeast,2.4,36.5768,77.5014,2.Medium
CT,2020-06-14,7,12,721,47401,65,184.71428571428572,Democratic,3581504,58,Connecticut,Northeast,1.5,18.1488,51.5745,2.Medium
DE,2020-03-15,7,-1,39,39,0,NA,Democratic,949495,68,Delaware,South,100,0,NA,1.Long
DE,2020-03-22,7,0,169,169,9,17.5,Democratic,949495,68,Delaware,South,100,9.4787,18.4309,1.Long
DE,2020-03-29,7,1,379,6217,8,57.142857142857146,Democratic,949495,68,Delaware,South,6.1,8.4255,60.1824,1.Long
DE,2020-04-05,7,2,886,4636,26,152.57142857142858,Democratic,949495,68,Delaware,South,19.1,27.383,160.6869,1.Long
DE,2020-04-12,7,3,844,2914,43,208.57142857142858,Democratic,949495,68,Delaware,South,29,45.2872,219.6656,1.Long
DE,2020-04-19,7,4,1253,3681,69,272,Democratic,949495,68,Delaware,South,34,72.6702,286.4681,1.Long
DE,2020-04-26,7,5,1462,5414,80,311.7142857142857,Democratic,949495,68,Delaware,South,27,84.2553,328.2948,1.Long
DE,2020-05-03,7,6,1239,6184,66,287.14285714285717,Democratic,949495,68,Delaware,South,20,69.5106,302.4164,1.Long
DE,2020-05-10,7,7,1270,10462,82,272.85714285714283,Democratic,949495,68,Delaware,South,12.1,86.3617,287.3708,1.Long
DE,2020-05-17,7,8,1143,10776,42,225.14285714285714,Democratic,949495,68,Delaware,South,10.6,44.234,237.1185,1.Long
DE,2020-05-24,7,9,732,8795,41,194.57142857142858,Democratic,949495,68,Delaware,South,8.3,43.1808,204.921,1.Long
DE,2020-05-31,7,10,423,8306,19,145.14285714285714,Democratic,949495,68,Delaware,South,5.1,20.0106,152.8632,1.Long
DE,2020-06-07,7,11,384,12464,10,104.85714285714286,Democratic,949495,68,Delaware,South,3.1,10.5319,110.4346,1.Long
DE,2020-06-14,7,12,452,12317,9,82.85714285714286,Democratic,949495,68,Delaware,South,3.7,9.4787,87.2644,1.Long
FL,2020-03-15,7,-1,581,6682,9,NA,Republican,20598139,32,Florida,South,8.7,0.4369,NA,2.Medium
FL,2020-03-22,7,0,3105,31892,42,NA,Republican,20598139,32,Florida,South,9.7,2.039,NA,2.Medium
FL,2020-03-29,7,1,7348,62938,137,NA,Republican,20598139,32,Florida,South,11.7,6.6511,NA,2.Medium
FL,2020-04-05,7,2,7383,70866,247,NA,Republican,20598139,32,Florida,South,10.4,11.9914,NA,2.Medium
FL,2020-04-12,7,3,6775,73594,316,NA,Republican,20598139,32,Florida,South,9.2,15.3412,NA,2.Medium
FL,2020-04-19,7,4,5570,86572,321,NA,Republican,20598139,32,Florida,South,6.4,15.5839,NA,2.Medium
FL,2020-04-26,7,5,4624,82913,313,NA,Republican,20598139,32,Florida,South,5.6,15.1955,NA,2.Medium
FL,2020-05-03,7,6,4538,111719,397,NA,Republican,20598139,32,Florida,South,4.1,19.2736,NA,2.Medium
FL,2020-05-10,7,7,4810,102316,255,472,Republican,20598139,32,Florida,South,4.7,12.3798,22.9147,2.Medium
FL,2020-05-17,7,8,5316,226390,272,472,Republican,20598139,32,Florida,South,2.3,13.2051,22.9147,2.Medium
FL,2020-05-24,7,9,5297,138531,218,NA,Republican,20598139,32,Florida,South,3.8,10.5835,NA,2.Medium
FL,2020-05-31,7,10,7334,179217,243,NA,Republican,20598139,32,Florida,South,4.1,11.7972,NA,2.Medium
FL,2020-06-07,7,11,10794,196228,243,NA,Republican,20598139,32,Florida,South,5.5,11.7972,NA,2.Medium
FL,2020-06-14,7,12,20245,190859,221,NA,Republican,20598139,32,Florida,South,10.6,10.7291,NA,2.Medium
GA,2020-03-15,7,-1,441,2998,13,NA,Republican,10297484,27,Georgia,South,14.7,1.2624,NA,3.Short
GA,2020-03-22,7,0,1859,7987,55,NA,Republican,10297484,27,Georgia,South,23.3,5.3411,NA,3.Short
GA,2020-03-29,7,1,3794,15243,132,NA,Republican,10297484,27,Georgia,South,24.9,12.8187,NA,3.Short
GA,2020-04-05,7,2,5999,25421,227,NA,Republican,10297484,27,Georgia,South,23.6,22.0442,NA,3.Short
GA,2020-04-12,7,3,5510,22493,245,NA,Republican,10297484,27,Georgia,South,24.5,23.7922,NA,3.Short
GA,2020-04-19,7,4,5026,44806,231,NA,Republican,10297484,27,Georgia,South,11.2,22.4327,NA,3.Short
GA,2020-04-26,7,5,5611,55786,270,NA,Republican,10297484,27,Georgia,South,10.1,26.22,NA,3.Short
GA,2020-05-03,7,6,4226,60524,226,NA,Republican,10297484,27,Georgia,South,7,21.9471,NA,3.Short
GA,2020-05-10,7,7,4615,85745,192,1005,Republican,10297484,27,Georgia,South,5.4,18.6453,97.5967,3.Short
GA,2020-05-17,7,8,4985,132468,219,953.7142857142857,Republican,10297484,27,Georgia,South,3.8,21.2673,92.6162,3.Short
GA,2020-05-24,7,9,4154,1301,192,877.5714285714286,Republican,10297484,27,Georgia,South,319.3,18.6453,85.2219,3.Short
GA,2020-05-31,7,10,5023,68019,171,817.4285714285714,Republican,10297484,27,Georgia,South,7.4,16.606,79.3814,3.Short
GA,2020-06-07,7,11,5492,76823,272,820.1428571428571,Republican,10297484,27,Georgia,South,7.1,26.4142,79.645,3.Short
GA,2020-06-14,7,12,7008,94704,196,893.1428571428571,Republican,10297484,27,Georgia,South,7.4,19.0338,86.7341,3.Short
HI,2020-03-15,7,-1,35,159,0,NA,Democratic,1422029,67,Hawaii,West,22,0,NA,1.Long
HI,2020-03-22,7,0,83,4316,0,NA,Democratic,1422029,67,Hawaii,West,1.9,0,NA,1.Long
HI,2020-03-29,7,1,199,7801,3,NA,Democratic,1422029,67,Hawaii,West,2.6,2.1097,NA,1.Long
HI,2020-04-05,7,2,146,5253,5,NA,Democratic,1422029,67,Hawaii,West,2.8,3.5161,NA,1.Long
HI,2020-04-12,7,3,88,4812,1,NA,Democratic,1422029,67,Hawaii,West,1.8,0.7032,NA,1.Long
HI,2020-04-19,7,4,48,5697,4,NA,Democratic,1422029,67,Hawaii,West,0.8,2.8129,NA,1.Long
HI,2020-04-26,7,5,18,3945,3,NA,Democratic,1422029,67,Hawaii,West,0.5,2.1097,NA,1.Long
HI,2020-05-03,7,6,10,4277,1,NA,Democratic,1422029,67,Hawaii,West,0.2,0.7032,NA,1.Long
HI,2020-05-10,7,7,9,4621,0,NA,Democratic,1422029,67,Hawaii,West,0.2,0,NA,1.Long
HI,2020-05-17,7,8,4,7938,0,NA,Democratic,1422029,67,Hawaii,West,0.1,0,NA,1.Long
HI,2020-05-24,7,9,7,5193,0,NA,Democratic,1422029,67,Hawaii,West,0.1,0,NA,1.Long
HI,2020-05-31,7,10,15,-757,0,NA,Democratic,1422029,67,Hawaii,West,0,0,NA,1.Long
HI,2020-06-07,7,11,42,6081,0,NA,Democratic,1422029,67,Hawaii,West,0.7,0,NA,1.Long
HI,2020-06-14,7,12,83,7396,0,NA,Democratic,1422029,67,Hawaii,West,1.1,0,NA,1.Long
IA,2020-03-15,7,-1,51,1017,0,NA,Republican,3132499,0,Iowa,North Central,5,0,NA,4.None
IA,2020-03-22,7,0,230,3556,3,33,Republican,3132499,0,Iowa,North Central,6.5,0.9577,10.5347,4.None
IA,2020-03-29,7,1,488,5567,11,66.42857142857143,Republican,3132499,0,Iowa,North Central,8.8,3.5116,21.2063,4.None
IA,2020-04-05,7,2,724,6892,20,111.57142857142857,Republican,3132499,0,Iowa,North Central,10.5,6.3847,35.6174,4.None
IA,2020-04-12,7,3,1003,5815,40,165.14285714285714,Republican,3132499,0,Iowa,North Central,17.2,12.7694,52.7192,4.None
IA,2020-04-19,7,4,2579,11403,38,250.14285714285714,Republican,3132499,0,Iowa,North Central,22.6,12.1309,79.8541,4.None
IA,2020-04-26,7,5,3549,11999,63,320.85714285714283,Republican,3132499,0,Iowa,North Central,29.6,20.1117,102.4285,4.None
IA,2020-05-03,7,6,3030,25127,77,402,Republican,3132499,0,Iowa,North Central,12.1,24.581,128.332,4.None
IA,2020-05-10,7,7,2657,24824,94,394.14285714285717,Republican,3132499,0,Iowa,North Central,10.7,30.008,125.8238,4.None
IA,2020-05-17,7,8,2565,27641,98,374.57142857142856,Republican,3132499,0,Iowa,North Central,9.3,31.2849,119.5759,4.None
IA,2020-05-24,7,9,2351,26482,87,377,Republican,3132499,0,Iowa,North Central,8.9,27.7734,120.3512,4.None
IA,2020-05-31,7,10,2234,34291,67,318.42857142857144,Republican,3132499,0,Iowa,North Central,6.5,21.3887,101.6532,4.None
IA,2020-06-07,7,11,2239,34894,52,243,Republican,3132499,0,Iowa,North Central,6.4,16.6002,77.5738,4.None
IA,2020-06-14,7,12,1779,30599,31,192.57142857142858,Republican,3132499,0,Iowa,North Central,5.8,9.8963,61.4753,4.None
ID,2020-03-15,7,-1,29,735,0,NA,Republican,1687809,36,Idaho,West,3.9,0,NA,2.Medium
ID,2020-03-22,7,0,199,2661,4,NA,Republican,1687809,36,Idaho,West,7.5,2.3699,NA,2.Medium
ID,2020-03-29,7,1,783,5298,6,NA,Republican,1687809,36,Idaho,West,14.8,3.5549,NA,2.Medium
ID,2020-04-05,7,2,383,4894,15,NA,Republican,1687809,36,Idaho,West,7.8,8.8873,NA,2.Medium
ID,2020-04-12,7,3,259,3183,18,NA,Republican,1687809,36,Idaho,West,8.1,10.6647,NA,2.Medium
ID,2020-04-19,7,4,215,2534,11,NA,Republican,1687809,36,Idaho,West,8.5,6.5173,NA,2.Medium
ID,2020-04-26,7,5,165,10009,9,NA,Republican,1687809,36,Idaho,West,1.6,5.3324,NA,2.Medium
ID,2020-05-03,7,6,170,2316,4,NA,Republican,1687809,36,Idaho,West,7.3,2.3699,NA,2.Medium
ID,2020-05-10,7,7,184,3882,6,NA,Republican,1687809,36,Idaho,West,4.7,3.5549,NA,2.Medium
ID,2020-05-17,7,8,206,4921,6,NA,Republican,1687809,36,Idaho,West,4.2,3.5549,NA,2.Medium
ID,2020-05-24,7,9,208,4815,3,NA,Republican,1687809,36,Idaho,West,4.3,1.7775,NA,2.Medium
ID,2020-05-31,7,10,308,9815,1,NA,Republican,1687809,36,Idaho,West,3.1,0.5925,NA,2.Medium
ID,2020-06-07,7,11,242,7419,4,NA,Republican,1687809,36,Idaho,West,3.3,2.3699,NA,2.Medium
ID,2020-06-14,7,12,518,8538,2,NA,Republican,1687809,36,Idaho,West,6.1,1.185,NA,2.Medium
IL,2020-03-15,7,-1,707,5879,6,NA,Democratic,12821497,69,Illinois,North Central,12,0.468,NA,1.Long
IL,2020-03-22,7,0,2738,19250,41,NA,Democratic,12821497,69,Illinois,North Central,14.2,3.1978,NA,1.Long
IL,2020-03-29,7,1,6866,28090,196,NA,Democratic,12821497,69,Illinois,North Central,24.4,15.2868,NA,1.Long
IL,2020-04-05,7,2,8823,38568,434,3680,Democratic,12821497,69,Illinois,North Central,22.9,33.8494,287.018,1.Long
IL,2020-04-12,7,3,9980,45255,582,4163.285714285715,Democratic,12821497,69,Illinois,North Central,22.1,45.3925,324.7114,1.Long
IL,2020-04-19,7,4,12617,64213,615,4679.714285714285,Democratic,12821497,69,Illinois,North Central,19.6,47.9663,364.9897,1.Long
IL,2020-04-26,7,5,16728,98279,685,4801.571428571428,Democratic,12821497,69,Illinois,North Central,17,53.4259,374.4938,1.Long
IL,2020-05-03,7,6,17580,116435,790,4736.714285714285,Democratic,12821497,69,Illinois,North Central,15.1,61.6153,369.4354,1.Long
IL,2020-05-10,7,7,16372,145318,780,4421,Democratic,12821497,69,Illinois,North Central,11.3,60.8353,344.8115,1.Long
IL,2020-05-17,7,8,15339,160598,661,4002,Democratic,12821497,69,Illinois,North Central,9.6,51.554,312.132,1.Long
IL,2020-05-24,7,9,11121,154858,540,3661,Democratic,12821497,69,Illinois,North Central,7.2,42.1168,285.5361,1.Long
IL,2020-05-31,7,10,7973,144969,534,3082.714285714286,Democratic,12821497,69,Illinois,North Central,5.5,41.6488,240.4333,1.Long
IL,2020-06-07,7,11,5842,147732,606,2395.4285714285716,Democratic,12821497,69,Illinois,North Central,4,47.2644,186.8291,1.Long
IL,2020-06-14,7,12,4372,168162,359,1871.857142857143,Democratic,12821497,69,Illinois,North Central,2.6,27.9999,145.9936,1.Long
IN,2020-03-15,7,-1,111,744,4,NA,Republican,6637426,38,Indiana,North Central,14.9,0.6026,NA,2.Medium
IN,2020-03-22,7,0,1106,7574,27,NA,Republican,6637426,38,Indiana,North Central,14.6,4.0678,NA,2.Medium
IN,2020-03-29,7,1,2721,11393,85,NA,Republican,6637426,38,Indiana,North Central,23.9,12.8062,NA,2.Medium
IN,2020-04-05,7,2,3482,19415,214,NA,Republican,6637426,38,Indiana,North Central,17.9,32.2414,NA,2.Medium
IN,2020-04-12,7,3,3206,17658,215,NA,Republican,6637426,38,Indiana,North Central,18.2,32.3921,NA,2.Medium
IN,2020-04-19,7,4,3754,22901,240,1515,Republican,6637426,38,Indiana,North Central,16.4,36.1586,228.2511,2.Medium
IN,2020-04-26,7,5,4900,24367,444,1470.5714285714287,Republican,6637426,38,Indiana,North Central,20.1,66.8934,221.5575,2.Medium
IN,2020-05-03,7,6,4437,31545,261,1448.4285714285713,Republican,6637426,38,Indiana,North Central,14.1,39.3225,218.2214,2.Medium
IN,2020-05-10,7,7,3548,35672,251,1320.2857142857142,Republican,6637426,38,Indiana,North Central,9.9,37.8159,198.9153,2.Medium
IN,2020-05-17,7,8,3621,43575,202,1221.857142857143,Republican,6637426,38,Indiana,North Central,8.3,30.4335,184.086,2.Medium
IN,2020-05-24,7,9,3310,41462,182,1121.857142857143,Republican,6637426,38,Indiana,North Central,8,27.4203,169.0199,2.Medium
IN,2020-05-31,7,10,2786,41135,167,985.4285714285714,Republican,6637426,38,Indiana,North Central,6.8,25.1604,148.4655,2.Medium
IN,2020-06-07,7,11,2546,43107,121,889.4285714285714,Republican,6637426,38,Indiana,North Central,5.9,18.23,134.002,2.Medium
IN,2020-06-14,7,12,2518,61165,123,813.5714285714286,Republican,6637426,38,Indiana,North Central,4.1,18.5313,122.5733,2.Medium
KS,2020-03-15,7,-1,49,373,1,NA,Democratic,2908776,34,Kansas,North Central,13.1,0.3438,NA,2.Medium
KS,2020-03-22,7,0,206,3460,3,NA,Democratic,2908776,34,Kansas,North Central,6,1.0314,NA,2.Medium
KS,2020-03-29,7,1,437,3646,16,NA,Democratic,2908776,34,Kansas,North Central,12,5.5006,NA,2.Medium
KS,2020-04-05,7,2,570,4765,34,NA,Democratic,2908776,34,Kansas,North Central,12,11.6888,NA,2.Medium
KS,2020-04-12,7,3,522,5333,31,NA,Democratic,2908776,34,Kansas,North Central,9.8,10.6574,NA,2.Medium
KS,2020-04-19,7,4,1266,7523,31,NA,Democratic,2908776,34,Kansas,North Central,16.8,10.6574,NA,2.Medium
KS,2020-04-26,7,5,1690,9743,14,NA,Democratic,2908776,34,Kansas,North Central,17.3,4.813,NA,2.Medium
KS,2020-05-03,7,6,2005,14991,26,NA,Democratic,2908776,34,Kansas,North Central,13.4,8.9385,NA,2.Medium
KS,2020-05-10,7,7,1135,11659,15,NA,Democratic,2908776,34,Kansas,North Central,9.7,5.1568,NA,2.Medium
KS,2020-05-17,7,8,1072,14842,13,NA,Democratic,2908776,34,Kansas,North Central,7.2,4.4692,NA,2.Medium
KS,2020-05-24,7,9,761,18515,23,NA,Democratic,2908776,34,Kansas,North Central,4.1,7.9071,NA,2.Medium
KS,2020-05-31,7,10,674,18704,24,NA,Democratic,2908776,34,Kansas,North Central,3.6,8.2509,NA,2.Medium
KS,2020-06-07,7,11,654,15499,11,NA,Democratic,2908776,34,Kansas,North Central,4.2,3.7817,NA,2.Medium
KS,2020-06-14,7,12,1012,18497,11,NA,Democratic,2908776,34,Kansas,North Central,5.5,3.7817,NA,2.Medium
KY,2020-03-15,7,-1,40,615,1,NA,Democratic,4440204,82,Kentucky,South,6.5,0.2252,NA,1.Long
KY,2020-03-22,7,0,248,4355,6,NA,Democratic,4440204,82,Kentucky,South,5.7,1.3513,NA,1.Long
KY,2020-03-29,7,1,529,10449,29,NA,Democratic,4440204,82,Kentucky,South,5.1,6.5312,NA,1.Long
KY,2020-04-05,7,2,862,8716,53,271,Democratic,4440204,82,Kentucky,South,9.9,11.9364,61.0332,1.Long
KY,2020-04-12,7,3,829,6308,47,344.7142857142857,Democratic,4440204,82,Kentucky,South,13.1,10.5851,77.6348,1.Long
KY,2020-04-19,7,4,1257,14366,63,286.14285714285717,Democratic,4440204,82,Kentucky,South,8.7,14.1885,64.4436,1.Long
KY,2020-04-26,7,5,1100,12687,48,318.7142857142857,Democratic,4440204,82,Kentucky,South,8.7,10.8103,71.7792,1.Long
KY,2020-05-03,7,6,1409,28798,50,345.57142857142856,Democratic,4440204,82,Kentucky,South,4.9,11.2607,77.8278,1.Long
KY,2020-05-10,7,7,1156,41287,34,384.7142857142857,Democratic,4440204,82,Kentucky,South,2.8,7.6573,86.6434,1.Long
KY,2020-05-17,7,8,982,43725,59,439.7142857142857,Democratic,4440204,82,Kentucky,South,2.2,13.2877,99.0302,1.Long
KY,2020-05-24,7,9,1038,36736,27,492.2857142857143,Democratic,4440204,82,Kentucky,South,2.8,6.0808,110.8701,1.Long
KY,2020-05-31,7,10,1823,40867,52,489.14285714285717,Democratic,4440204,82,Kentucky,South,4.5,11.7112,110.1622,1.Long
KY,2020-06-07,7,11,1158,45523,29,493.14285714285717,Democratic,4440204,82,Kentucky,South,2.5,6.5312,111.0631,1.Long
KY,2020-06-14,7,12,1185,22576,25,385.2857142857143,Democratic,4440204,82,Kentucky,South,5.2,5.6304,86.7721,1.Long
LA,2020-03-15,7,-1,529,2600,16,NA,Democratic,4663616,53,Louisiana,South,20.3,3.4308,NA,2.Medium
LA,2020-03-22,7,0,2735,22401,121,627.6,Democratic,4663616,53,Louisiana,South,12.2,25.9455,134.5737,2.Medium
LA,2020-03-29,7,1,9181,33337,272,1462.4285714285713,Democratic,4663616,53,Louisiana,South,27.5,58.3238,313.5825,2.Medium
LA,2020-04-05,7,2,7518,38417,397,1985.4285714285713,Democratic,4663616,53,Louisiana,South,19.6,85.1271,425.7273,2.Medium
LA,2020-04-12,7,3,3566,41084,461,1954.4285714285713,Democratic,4663616,53,Louisiana,South,8.7,98.8503,419.0801,2.Medium
LA,2020-04-19,7,4,2932,1003,377,1744.4285714285713,Democratic,4663616,53,Louisiana,South,292.3,80.8386,374.0506,2.Medium
LA,2020-04-26,7,5,2628,33856,306,1633.142857142857,Democratic,4663616,53,Louisiana,South,7.8,65.6143,350.1881,2.Medium
LA,2020-05-03,7,6,2277,39299,317,1447.5714285714287,Democratic,4663616,53,Louisiana,South,5.8,67.973,310.3968,2.Medium
LA,2020-05-10,7,7,2700,47585,212,1208.5714285714287,Democratic,4663616,53,Louisiana,South,5.7,45.4583,259.149,2.Medium
LA,2020-05-17,7,8,2923,54705,189,938.8571428571429,Democratic,4663616,53,Louisiana,South,5.3,40.5265,201.3153,2.Medium
LA,2020-05-24,7,9,2537,54372,117,776.8571428571429,Democratic,4663616,53,Louisiana,South,4.7,25.0878,166.5783,2.Medium
LA,2020-05-31,7,10,2909,59250,140,627.7142857142857,Democratic,4663616,53,Louisiana,South,4.9,30.0196,134.5982,2.Medium
LA,2020-06-07,7,11,3797,76314,79,559.7142857142857,Democratic,4663616,53,Louisiana,South,5,16.9396,120.0172,2.Medium
LA,2020-06-14,7,12,3102,100433,100,573.8571428571429,Democratic,4663616,53,Louisiana,South,3.1,21.4426,123.0498,2.Medium
MA,2020-03-15,7,-1,388,5187,7,NA,Republican,6830193,55,Massachusetts,Northeast,7.5,1.0249,NA,2.Medium
MA,2020-03-22,7,0,3732,29848,65,NA,Republican,6830193,55,Massachusetts,Northeast,12.5,9.5166,NA,2.Medium
MA,2020-03-29,7,1,7479,33755,232,1370,Republican,6830193,55,Massachusetts,Northeast,22.2,33.9668,200.58,2.Medium
MA,2020-04-05,7,2,11129,40053,642,2070.4285714285716,Republican,6830193,55,Massachusetts,Northeast,27.8,93.9944,303.1289,2.Medium
MA,2020-04-12,7,3,14761,53250,1037,3494.5714285714284,Republican,6830193,55,Massachusetts,Northeast,27.7,151.8259,511.6358,2.Medium
MA,2020-04-19,7,4,15821,64714,894,3872.1428571428573,Republican,6830193,55,Massachusetts,Northeast,24.4,130.8894,566.9156,2.Medium
MA,2020-04-26,7,5,12915,72149,969,3803.1428571428573,Republican,6830193,55,Massachusetts,Northeast,17.9,141.8701,556.8134,2.Medium
MA,2020-05-03,7,6,10480,77543,994,3468,Republican,6830193,55,Massachusetts,Northeast,13.5,145.5303,507.7455,2.Medium
MA,2020-05-10,7,7,8190,71552,865,2968,Republican,6830193,55,Massachusetts,Northeast,11.4,126.6436,434.5412,2.Medium
MA,2020-05-17,7,8,6729,72897,599,2439.4285714285716,Republican,6830193,55,Massachusetts,Northeast,9.2,87.6988,357.1537,2.Medium
MA,2020-05-24,7,9,4639,61533,464,2074.5714285714284,Republican,6830193,55,Massachusetts,Northeast,7.5,67.9337,303.7354,2.Medium
MA,2020-05-31,7,10,6831,62120,521,1658.7142857142858,Republican,6830193,55,Massachusetts,Northeast,11,76.279,242.8503,2.Medium
MA,2020-06-07,7,11,2263,58957,287,1295.857142857143,Republican,6830193,55,Massachusetts,Northeast,3.8,42.0193,189.7248,2.Medium
MA,2020-06-14,7,12,1541,61341,252,1004.8571428571429,Republican,6830193,55,Massachusetts,Northeast,2.5,36.895,147.1199,2.Medium
MD,2020-03-15,7,-1,164,164,3,NA,Republican,6003435,46,Maryland,South,100,0.4997,NA,2.Medium
MD,2020-03-22,7,0,802,12224,14,NA,Republican,6003435,46,Maryland,South,6.6,2.332,NA,2.Medium
MD,2020-03-29,7,1,2133,13102,84,NA,Republican,6003435,46,Maryland,South,16.3,13.992,NA,2.Medium
MD,2020-04-05,7,2,4569,21628,197,NA,Republican,6003435,46,Maryland,South,21.1,32.8145,NA,2.Medium
MD,2020-04-12,7,3,4614,18132,284,NA,Republican,6003435,46,Maryland,South,25.4,47.3063,NA,2.Medium
MD,2020-04-19,7,4,5458,23753,366,1420.6,Republican,6003435,46,Maryland,South,23,60.9651,236.6312,2.Medium
MD,2020-04-26,7,5,6707,36399,375,1592.857142857143,Republican,6003435,46,Maryland,South,18.4,62.4642,265.3243,2.Medium
MD,2020-05-03,7,6,7061,30506,369,1672.2857142857142,Republican,6003435,46,Maryland,South,23.1,61.4648,278.5548,2.Medium
MD,2020-05-10,7,7,6434,34147,348,1547.2857142857142,Republican,6003435,46,Maryland,South,18.8,57.9668,257.7334,2.Medium
MD,2020-05-17,7,8,7527,42152,266,1394.4285714285713,Republican,6003435,46,Maryland,South,17.9,44.308,232.2718,2.Medium
MD,2020-05-24,7,9,6520,61619,256,1298.7142857142858,Republican,6003435,46,Maryland,South,10.6,42.6423,216.3285,2.Medium
MD,2020-05-31,7,10,5467,63430,178,1120.7142857142858,Republican,6003435,46,Maryland,South,8.6,29.6497,186.6788,2.Medium
MD,2020-06-07,7,11,3823,51382,186,920.5714285714286,Republican,6003435,46,Maryland,South,7.4,30.9823,153.3408,2.Medium
MD,2020-06-14,7,12,2651,53522,126,698.8571428571429,Republican,6003435,46,Maryland,South,5,20.988,116.4095,2.Medium
ME,2020-03-15,7,-1,70,2243,0,NA,Democratic,1332813,59,Maine,Northeast,3.1,0,NA,2.Medium
ME,2020-03-22,7,0,138,1268,1,NA,Democratic,1332813,59,Maine,Northeast,10.9,0.7503,NA,2.Medium
ME,2020-03-29,7,1,245,2939,9,NA,Democratic,1332813,59,Maine,Northeast,8.3,6.7526,NA,2.Medium
ME,2020-04-05,7,2,160,160,9,NA,Democratic,1332813,59,Maine,Northeast,100,6.7526,NA,2.Medium
ME,2020-04-12,7,3,231,8219,13,46.5,Democratic,1332813,59,Maine,Northeast,2.8,9.7538,34.8886,2.Medium
ME,2020-04-19,7,4,143,2851,18,41,Democratic,1332813,59,Maine,Northeast,5,13.5053,30.762,2.Medium
ME,2020-04-26,7,5,162,2924,6,35.857142857142854,Democratic,1332813,59,Maine,Northeast,5.5,4.5018,26.9034,2.Medium
ME,2020-05-03,7,6,256,2802,8,38.42857142857143,Democratic,1332813,59,Maine,Northeast,9.1,6.0023,28.8327,2.Medium
ME,2020-05-10,7,7,240,240,6,36.714285714285715,Democratic,1332813,59,Maine,Northeast,100,4.5018,27.5465,2.Medium
ME,2020-05-17,7,8,365,13723,7,43.142857142857146,Democratic,1332813,59,Maine,Northeast,2.7,5.252,32.3698,2.Medium
ME,2020-05-24,7,9,269,12103,12,56.285714285714285,Democratic,1332813,59,Maine,Northeast,2.2,9.0035,42.2308,2.Medium
ME,2020-05-31,7,10,242,9357,9,42.57142857142857,Democratic,1332813,59,Maine,Northeast,2.6,6.7526,31.941,2.Medium
ME,2020-06-07,7,11,233,9427,2,31,Democratic,1332813,59,Maine,Northeast,2.5,1.5006,23.2591,2.Medium
ME,2020-06-14,7,12,181,11226,2,28.428571428571427,Democratic,1332813,59,Maine,Northeast,1.6,1.5006,21.3298,2.Medium
MI,2020-03-15,7,-1,5827,9708,23,NA,Democratic,9957488,69,Michigan,North Central,60,2.3098,NA,1.Long
MI,2020-03-22,7,0,7842,19658,260,NA,Democratic,9957488,69,Michigan,North Central,39.9,26.111,NA,1.Long
MI,2020-03-29,7,1,8716,34019,747,NA,Democratic,9957488,69,Michigan,North Central,25.6,75.0189,NA,1.Long
MI,2020-04-05,7,2,7399,28435,1051,3761.6666666666665,Democratic,9957488,69,Michigan,North Central,26,105.5487,377.7727,1.Long
MI,2020-04-12,7,3,6049,30922,1026,3795.285714285714,Democratic,9957488,69,Michigan,North Central,19.6,103.038,381.1489,1.Long
MI,2020-04-19,7,4,6234,48075,822,3280.1428571428573,Democratic,9957488,69,Michigan,North Central,13,82.5509,329.4147,1.Long
MI,2020-04-26,7,5,5409,65167,650,2469,Democratic,9957488,69,Michigan,North Central,8.3,65.2775,247.9541,1.Long
MI,2020-05-03,7,6,4060,74612,457,1811.2857142857142,Democratic,9957488,69,Michigan,North Central,5.4,45.8951,181.9019,1.Long
MI,2020-05-10,7,7,5291,99182,321,1353,Democratic,9957488,69,Michigan,North Central,5.3,32.237,135.8776,1.Long
MI,2020-05-17,7,8,3270,105670,255,1042.2857142857142,Democratic,9957488,69,Michigan,North Central,3.1,25.6089,104.6736,1.Long
MI,2020-05-24,7,9,2028,100981,190,878.4285714285714,Democratic,9957488,69,Michigan,North Central,2,19.0811,88.2179,1.Long
MI,2020-05-31,7,10,1593,98026,114,695.1428571428571,Democratic,9957488,69,Michigan,North Central,1.6,11.4487,69.8111,1.Long
MI,2020-06-07,7,11,922,83627,97,682.8571428571429,Democratic,9957488,69,Michigan,North Central,1.1,9.7414,68.5772,1.Long
MI,2020-06-14,7,12,1709,95151,74,570.4285714285714,Democratic,9957488,69,Michigan,North Central,1.8,7.4316,57.2864,1.Long
MN,2020-03-15,7,-1,237,3342,1,NA,Democratic,5527358,51,Minnesota,North Central,7.1,0.1809,NA,2.Medium
MN,2020-03-22,7,0,360,13803,4,30.25,Democratic,5527358,51,Minnesota,North Central,2.6,0.7237,5.4728,2.Medium
MN,2020-03-29,7,1,471,9763,19,65.85714285714286,Democratic,5527358,51,Minnesota,North Central,4.8,3.4374,11.9148,2.Medium
MN,2020-04-05,7,2,648,10859,40,129.85714285714286,Democratic,5527358,51,Minnesota,North Central,6,7.2367,23.4935,2.Medium
MN,2020-04-12,7,3,982,9266,57,194.71428571428572,Democratic,5527358,51,Minnesota,North Central,10.6,10.3123,35.2274,2.Medium
MN,2020-04-19,7,4,2339,14139,123,253.71428571428572,Democratic,5527358,51,Minnesota,North Central,16.5,22.2529,45.9015,2.Medium
MN,2020-04-26,7,5,3944,27571,151,333.42857142857144,Democratic,5527358,51,Minnesota,North Central,14.3,27.3187,60.3233,2.Medium
MN,2020-05-03,7,6,4250,29681,163,432.85714285714283,Democratic,5527358,51,Minnesota,North Central,14.3,29.4897,78.3118,2.Medium
MN,2020-05-10,7,7,4384,45743,151,480.7142857142857,Democratic,5527358,51,Minnesota,North Central,9.6,27.3187,86.97,2.Medium
MN,2020-05-17,7,8,5060,52602,152,534,Democratic,5527358,51,Minnesota,North Central,9.6,27.4996,96.6104,2.Medium
MN,2020-05-24,7,9,3416,58867,175,587.5714285714286,Democratic,5527358,51,Minnesota,North Central,5.8,31.6607,106.3024,2.Medium
MN,2020-05-31,7,10,2672,67024,145,520.1428571428571,Democratic,5527358,51,Minnesota,North Central,4,26.2331,94.1033,2.Medium
MN,2020-06-07,7,11,1612,74113,133,426.85714285714283,Democratic,5527358,51,Minnesota,North Central,2.2,24.0621,77.2263,2.Medium
MN,2020-06-14,7,12,2002,74333,90,348.2857142857143,Democratic,5527358,51,Minnesota,North Central,2.7,16.2826,63.0112,2.Medium
MO,2020-03-15,7,-1,69,348,3,NA,Republican,6090062,27,Missouri,North Central,19.8,0.4926,NA,3.Short
MO,2020-03-22,7,0,765,10478,7,NA,Republican,6090062,27,Missouri,North Central,7.3,1.1494,NA,3.Short
MO,2020-03-29,7,1,1453,13985,14,413,Republican,6090062,27,Missouri,North Central,10.4,2.2988,67.8154,3.Short
MO,2020-04-05,7,2,1733,18267,85,504.57142857142856,Republican,6090062,27,Missouri,North Central,9.5,13.9572,82.8516,3.Short
MO,2020-04-12,7,3,1493,10587,66,1000.2857142857143,Republican,6090062,27,Missouri,North Central,14.1,10.8373,164.2489,3.Short
MO,2020-04-19,7,4,1309,13459,98,908.7142857142857,Republican,6090062,27,Missouri,North Central,9.7,16.0918,149.2126,3.Short
MO,2020-04-26,7,5,1328,15526,78,790.8571428571429,Republican,6090062,27,Missouri,North Central,8.6,12.8078,129.8603,3.Short
MO,2020-05-03,7,6,1512,26154,121,886.2857142857143,Republican,6090062,27,Missouri,North Central,5.8,19.8684,145.5298,3.Short
MO,2020-05-10,7,7,1009,30442,117,798.4285714285714,Republican,6090062,27,Missouri,North Central,3.3,19.2116,131.1035,3.Short
MO,2020-05-17,7,8,1077,8964,87,680.2857142857143,Republican,6090062,27,Missouri,North Central,12,14.2856,111.7042,3.Short
MO,2020-05-24,7,9,1210,37126,95,656,Republican,6090062,27,Missouri,North Central,3.3,15.5992,107.7165,3.Short
MO,2020-05-31,7,10,1480,44635,38,658,Republican,6090062,27,Missouri,North Central,3.3,6.2397,108.0449,3.Short
MO,2020-06-07,7,11,1368,39731,70,579.8571428571429,Republican,6090062,27,Missouri,North Central,3.4,11.4941,95.2137,3.Short
MO,2020-06-14,7,12,1780,41319,76,551.1428571428571,Republican,6090062,27,Missouri,North Central,4.3,12.4793,90.4987,3.Short
MS,2020-03-15,7,-1,134,745,1,NA,Republican,2988762,24,Mississippi,South,18,0.3346,NA,3.Short
MS,2020-03-22,7,0,523,2388,12,NA,Republican,2988762,24,Mississippi,South,21.9,4.015,NA,3.Short
MS,2020-03-29,7,1,792,3365,22,NA,Republican,2988762,24,Mississippi,South,23.5,7.3609,NA,3.Short
MS,2020-04-05,7,2,1187,14686,58,NA,Republican,2988762,24,Mississippi,South,8.1,19.406,NA,3.Short
MS,2020-04-12,7,3,1332,17491,59,NA,Republican,2988762,24,Mississippi,South,7.6,19.7406,NA,3.Short
MS,2020-04-19,7,4,1744,20192,69,592.3333333333334,Republican,2988762,24,Mississippi,South,8.6,23.0865,198.1869,3.Short
MS,2020-04-26,7,5,1723,15518,70,638.8571428571429,Republican,2988762,24,Mississippi,South,11.1,23.4211,213.7531,3.Short
MS,2020-05-03,7,6,1937,7004,130,637.8571428571429,Republican,2988762,24,Mississippi,South,27.7,43.4963,213.4185,3.Short
MS,2020-05-10,7,7,1745,26997,89,594.7142857142857,Republican,2988762,24,Mississippi,South,6.5,29.7782,198.9835,3.Short
MS,2020-05-17,7,8,1882,25744,106,601,Republican,2988762,24,Mississippi,South,7.3,35.4662,201.0866,3.Short
MS,2020-05-24,7,9,2224,31712,107,565.2857142857143,Republican,2988762,24,Mississippi,South,7,35.8008,189.1371,3.Short
MS,2020-05-31,7,10,1540,27191,80,597.2857142857143,Republican,2988762,24,Mississippi,South,5.7,26.7669,199.8439,3.Short
MS,2020-06-07,7,11,2579,20762,86,640.7142857142857,Republican,2988762,24,Mississippi,South,12.4,28.7745,214.3745,3.Short
MS,2020-06-14,7,12,1293,24830,49,636.8571428571429,Republican,2988762,24,Mississippi,South,5.2,16.3947,213.0839,3.Short
MT,2020-03-15,7,-1,15,1058,0,NA,Democratic,1041732,29,Montana,West,1.4,0,NA,3.Short
MT,2020-03-22,7,0,109,2219,1,NA,Democratic,1041732,29,Montana,West,4.9,0.9599,NA,3.Short
MT,2020-03-29,7,1,136,2792,4,NA,Democratic,1041732,29,Montana,West,4.9,3.8398,NA,3.Short
MT,2020-04-05,7,2,112,2404,1,21,Democratic,1041732,29,Montana,West,4.7,0.9599,20.1587,3.Short
MT,2020-04-12,7,3,49,1988,4,21,Democratic,1041732,29,Montana,West,2.5,3.8398,20.1587,3.Short
MT,2020-04-19,7,4,19,1928,4,14.285714285714286,Democratic,1041732,29,Montana,West,1,3.8398,13.7134,3.Short
MT,2020-04-26,7,5,10,2138,2,7.428571428571429,Democratic,1041732,29,Montana,West,0.5,1.9199,7.131,3.Short
MT,2020-05-03,7,6,3,6694,0,5.571428571428571,Democratic,1041732,29,Montana,West,0,0,5.3482,3.Short
MT,2020-05-10,7,7,10,4762,0,3.4285714285714284,Democratic,1041732,29,Montana,West,0.2,0,3.2912,3.Short
MT,2020-05-17,7,8,11,6561,0,3.4285714285714284,Democratic,1041732,29,Montana,West,0.2,0,3.2912,3.Short
MT,2020-05-24,7,9,26,6632,1,2.142857142857143,Democratic,1041732,29,Montana,West,0.4,0.9599,2.057,3.Short
MT,2020-05-31,7,10,35,7470,1,1.2857142857142858,Democratic,1041732,29,Montana,West,0.5,0.9599,1.2342,3.Short
MT,2020-06-07,7,11,48,11250,0,5.285714285714286,Democratic,1041732,29,Montana,West,0.4,0,5.074,3.Short
MT,2020-06-14,7,12,110,11526,2,7.571428571428571,Democratic,1041732,29,Montana,West,1,1.9199,7.2681,3.Short
NC,2020-03-15,7,-1,161,5116,0,NA,Democratic,10155624,53,North Carolina,South,3.1,0,NA,2.Medium
NC,2020-03-22,7,0,751,12251,4,55.5,Democratic,10155624,53,North Carolina,South,6.1,0.3939,5.465,2.Medium
NC,2020-03-29,7,1,1467,21246,20,175.42857142857142,Democratic,10155624,53,North Carolina,South,6.9,1.9694,17.274,2.Medium
NC,2020-04-05,7,2,1910,21620,56,350.57142857142856,Democratic,10155624,53,North Carolina,South,8.8,5.5142,34.5199,2.Medium
NC,2020-04-12,7,3,1828,15818,84,394.57142857142856,Democratic,10155624,53,North Carolina,South,11.6,8.2713,38.8525,2.Medium
NC,2020-04-19,7,4,2483,29054,125,445.42857142857144,Democratic,10155624,53,North Carolina,South,8.5,12.3085,43.8603,2.Medium
NC,2020-04-26,7,5,2886,34210,131,504.7142857142857,Democratic,10155624,53,North Carolina,South,8.4,12.8993,49.698,2.Medium
NC,2020-05-03,7,6,2851,46887,124,510.85714285714283,Democratic,10155624,53,North Carolina,South,6.1,12.21,50.3029,2.Medium
NC,2020-05-10,7,7,3622,52224,108,483.14285714285717,Democratic,10155624,53,North Carolina,South,6.9,10.6345,47.5739,2.Medium
NC,2020-05-17,7,8,4743,90996,85,554,Democratic,10155624,53,North Carolina,South,5.2,8.3697,54.5511,2.Medium
NC,2020-05-24,7,9,4948,74575,140,651.8571428571429,Democratic,10155624,53,North Carolina,South,6.6,13.7855,64.1868,2.Medium
NC,2020-05-31,7,10,6952,93193,115,683.2857142857143,Democratic,10155624,53,North Carolina,South,7.5,11.3238,67.2815,2.Medium
NC,2020-06-07,7,11,8051,114340,112,769.1428571428571,Democratic,10155624,53,North Carolina,South,7,11.0284,75.7357,2.Medium
NC,2020-06-14,7,12,8713,119651,108,840.1428571428571,Democratic,10155624,53,North Carolina,South,7.3,10.6345,82.7269,2.Medium
ND,2020-03-15,7,-1,27,1114,0,NA,Republican,752201,0,North Dakota,North Central,2.4,0,NA,4.None
ND,2020-03-22,7,0,55,1723,1,NA,Republican,752201,0,North Dakota,North Central,3.2,1.3294,NA,4.None
ND,2020-03-29,7,1,103,3315,2,NA,Republican,752201,0,North Dakota,North Central,3.1,2.6589,NA,4.None
ND,2020-04-05,7,2,107,3873,4,15.714285714285714,Republican,752201,0,North Dakota,North Central,2.8,5.3177,20.8911,4.None
ND,2020-04-12,7,3,235,2883,2,13.428571428571429,Republican,752201,0,North Dakota,North Central,8.2,2.6589,17.8524,4.None
ND,2020-04-19,7,4,275,6387,7,17.714285714285715,Republican,752201,0,North Dakota,North Central,4.3,9.306,23.5499,4.None
ND,2020-04-26,7,5,350,12197,8,26.142857142857142,Republican,752201,0,North Dakota,North Central,2.9,10.6355,34.7551,4.None
ND,2020-05-03,7,6,311,12386,11,32.42857142857143,Republican,752201,0,North Dakota,North Central,2.5,14.6238,43.1116,4.None
ND,2020-05-10,7,7,384,9554,7,34.857142857142854,Republican,752201,0,North Dakota,North Central,4,9.306,46.3402,4.None
ND,2020-05-17,7,8,517,10661,10,35.57142857142857,Republican,752201,0,North Dakota,North Central,4.8,13.2943,47.2898,4.None
ND,2020-05-24,7,9,189,6833,8,38,Republican,752201,0,North Dakota,North Central,2.8,10.6355,50.5184,4.None
ND,2020-05-31,7,10,262,7899,15,32.857142857142854,Republican,752201,0,North Dakota,North Central,3.3,19.9415,43.6813,4.None
ND,2020-06-07,7,11,242,6993,2,32,Republican,752201,0,North Dakota,North Central,3.5,2.6589,42.5418,4.None
ND,2020-06-14,7,12,193,8358,5,28.142857142857142,Republican,752201,0,North Dakota,North Central,2.3,6.6472,37.414,4.None
NE,2020-03-15,7,-1,24,300,0,NA,Republican,1904760,0,Nebraska,North Central,8,0,NA,4.None
NE,2020-03-22,7,0,58,1606,2,NA,Republican,1904760,0,Nebraska,North Central,3.6,1.05,NA,4.None
NE,2020-03-29,7,1,225,3379,4,NA,Republican,1904760,0,Nebraska,North Central,6.7,2.1,NA,4.None
NE,2020-04-05,7,2,379,4606,11,NA,Republican,1904760,0,Nebraska,North Central,8.2,5.775,NA,4.None
NE,2020-04-12,7,3,438,3692,7,NA,Republican,1904760,0,Nebraska,North Central,11.9,3.675,NA,4.None
NE,2020-04-19,7,4,1283,6296,26,NA,Republican,1904760,0,Nebraska,North Central,20.4,13.65,NA,4.None
NE,2020-04-26,7,5,2417,9375,23,NA,Republican,1904760,0,Nebraska,North Central,25.8,12.075,NA,4.None
NE,2020-05-03,7,6,2993,13628,19,NA,Republican,1904760,0,Nebraska,North Central,22,9.975,NA,4.None
NE,2020-05-10,7,7,1941,17002,27,192,Republican,1904760,0,Nebraska,North Central,11.4,14.175,100.8001,4.None
NE,2020-05-17,7,8,1890,20004,28,NA,Republican,1904760,0,Nebraska,North Central,9.4,14.7,NA,4.None
NE,2020-05-24,7,9,1992,19026,23,NA,Republican,1904760,0,Nebraska,North Central,10.5,12.075,NA,4.None
NE,2020-05-31,7,10,1725,18539,16,194,Republican,1904760,0,Nebraska,North Central,9.3,8.4,101.8501,4.None
NE,2020-06-07,7,11,1134,16830,30,169.42857142857142,Republican,1904760,0,Nebraska,North Central,6.7,15.75,88.9501,4.None
NE,2020-06-14,7,12,1078,17477,28,154,Republican,1904760,0,Nebraska,North Central,6.2,14.7,80.8501,4.None
NH,2020-03-15,7,-1,48,809,0,NA,Republican,1343622,80,New Hampshire,Northeast,5.9,0,NA,1.Long
NH,2020-03-22,7,0,132,2815,2,NA,Republican,1343622,80,New Hampshire,Northeast,4.7,1.4885,NA,1.Long
NH,2020-03-29,7,1,353,3662,5,NA,Republican,1343622,80,New Hampshire,Northeast,9.6,3.7213,NA,1.Long
NH,2020-04-05,7,2,345,2988,15,NA,Republican,1343622,80,New Hampshire,Northeast,11.5,11.1639,NA,1.Long
NH,2020-04-12,7,3,402,2359,15,74.4,Republican,1343622,80,New Hampshire,Northeast,17,11.1639,55.3727,1.Long
NH,2020-04-19,7,4,433,4875,16,86.85714285714286,Republican,1343622,80,New Hampshire,Northeast,8.9,11.9081,64.644,1.Long
NH,2020-04-26,7,5,590,6622,28,103.28571428571429,Republican,1343622,80,New Hampshire,Northeast,8.9,20.8392,76.8711,1.Long
NH,2020-05-03,7,6,637,7949,40,110,Republican,1343622,80,New Hampshire,Northeast,8,29.7703,81.8683,1.Long
NH,2020-05-10,7,7,517,10378,38,115.57142857142857,Republican,1343622,80,New Hampshire,Northeast,5,28.2818,86.0148,1.Long
NH,2020-05-17,7,8,625,16863,49,105.14285714285714,Republican,1343622,80,New Hampshire,Northeast,3.7,36.4686,78.2533,1.Long
NH,2020-05-24,7,9,403,9421,30,98.14285714285714,Republican,1343622,80,New Hampshire,Northeast,4.3,22.3277,73.0435,1.Long
NH,2020-05-31,7,10,527,15049,45,93.71428571428571,Republican,1343622,80,New Hampshire,Northeast,3.5,33.4916,69.7475,1.Long
NH,2020-06-07,7,11,232,9947,32,79.71428571428571,Republican,1343622,80,New Hampshire,Northeast,2.3,23.8162,59.3279,1.Long
NH,2020-06-14,7,12,235,11611,22,63.285714285714285,Republican,1343622,80,New Hampshire,Northeast,2,16.3737,47.1008,1.Long
NJ,2020-03-15,7,-1,1277,1474,15,NA,Democratic,8881845,80,New Jersey,Northeast,86.6,1.6888,NA,1.Long
NJ,2020-03-22,7,0,9797,28889,124,1693.3333333333333,Democratic,8881845,80,New Jersey,Northeast,33.9,13.9611,190.6511,1.Long
NJ,2020-03-29,7,1,23000,44846,706,2430.8571428571427,Democratic,8881845,80,New Jersey,Northeast,51.3,79.488,273.6883,1.Long
NJ,2020-04-05,7,2,24027,44837,1337,6712,Democratic,8881845,80,New Jersey,Northeast,53.6,150.5318,755.6988,1.Long
NJ,2020-04-12,7,3,23269,42343,1887,7970.428571428572,Democratic,8881845,80,New Jersey,Northeast,55,212.4559,897.3843,1.Long
NJ,2020-04-19,7,4,24103,51150,1793,7156.142857142857,Democratic,8881845,80,New Jersey,Northeast,47.1,201.8725,805.7045,1.Long
NJ,2020-04-26,7,5,18194,48626,1879,6223.857142857143,Democratic,8881845,80,New Jersey,Northeast,37.4,211.5551,700.7392,1.Long
NJ,2020-05-03,7,6,13368,42894,1374,5054.571428571428,Democratic,8881845,80,New Jersey,Northeast,31.2,154.6976,569.0903,1.Long
NJ,2020-05-10,7,7,8004,170018,1133,4057.4285714285716,Democratic,8881845,80,New Jersey,Northeast,4.7,127.5636,456.8227,1.Long
NJ,2020-05-17,7,8,8015,103511,832,3291,Democratic,8881845,80,New Jersey,Northeast,7.7,93.6742,370.5311,1.Long
NJ,2020-05-24,7,9,6504,166573,553,2746.5714285714284,Democratic,8881845,80,New Jersey,Northeast,3.9,62.2618,309.2343,1.Long
NJ,2020-05-31,7,10,4285,174140,472,2204.4285714285716,Democratic,8881845,80,New Jersey,Northeast,2.5,53.1421,248.1949,1.Long
NJ,2020-06-07,7,11,2712,158767,483,1635.142857142857,Democratic,8881845,80,New Jersey,Northeast,1.7,54.3806,184.0995,1.Long
NJ,2020-06-14,7,12,2229,140658,268,1276.5714285714287,Democratic,8881845,80,New Jersey,Northeast,1.6,30.1739,143.7282,1.Long
NM,2020-03-15,7,-1,47,3581,0,NA,Democratic,2092434,98,New Mexico,West,1.3,0,NA,1.Long
NM,2020-03-22,7,0,134,5559,1,17,Democratic,2092434,98,New Mexico,West,2.4,0.4779,8.1245,1.Long
NM,2020-03-29,7,1,304,6245,9,27.142857142857142,Democratic,2092434,98,New Mexico,West,4.9,4.3012,12.9719,1.Long
NM,2020-04-05,7,2,596,11466,9,55.42857142857143,Democratic,2092434,98,New Mexico,West,5.2,4.3012,26.49,1.Long
NM,2020-04-12,7,3,620,8515,32,86.85714285714286,Democratic,2092434,98,New Mexico,West,7.3,15.2932,41.5101,1.Long
NM,2020-04-19,7,4,810,15897,33,118,Democratic,2092434,98,New Mexico,West,5.1,15.7711,56.3937,1.Long
NM,2020-04-26,7,5,992,19608,47,158,Democratic,2092434,98,New Mexico,West,5.1,22.4619,75.5101,1.Long
NM,2020-05-03,7,6,1160,22144,50,183.14285714285714,Democratic,2092434,98,New Mexico,West,5.2,23.8956,87.5262,1.Long
NM,2020-05-10,7,7,989,31196,72,204.28571428571428,Democratic,2092434,98,New Mexico,West,3.2,34.4097,97.6307,1.Long
NM,2020-05-17,7,8,963,33925,49,207.57142857142858,Democratic,2092434,98,New Mexico,West,2.8,23.4177,99.2009,1.Long
NM,2020-05-24,7,9,868,29878,42,206.71428571428572,Democratic,2092434,98,New Mexico,West,2.9,20.0723,98.7913,1.Long
NM,2020-05-31,7,10,1179,36379,43,179.85714285714286,Democratic,2092434,98,New Mexico,West,3.2,20.5502,85.9559,1.Long
NM,2020-06-07,7,11,854,30644,39,183.42857142857142,Democratic,2092434,98,New Mexico,West,2.8,18.6386,87.6628,1.Long
NM,2020-06-14,7,12,734,29318,38,159.42857142857142,Democratic,2092434,98,New Mexico,West,2.5,18.1607,76.1929,1.Long
NV,2020-03-15,7,-1,104,2320,5,NA,Democratic,2922849,44,Nevada,West,4.5,1.7107,NA,2.Medium
NV,2020-03-22,7,0,497,6014,20,NA,Democratic,2922849,44,Nevada,West,8.3,6.8426,NA,2.Medium
NV,2020-03-29,7,1,1121,7641,45,NA,Democratic,2922849,44,Nevada,West,14.7,15.3959,NA,2.Medium
NV,2020-04-05,7,2,958,7424,55,282,Democratic,2922849,44,Nevada,West,12.9,18.8173,96.4812,2.Medium
NV,2020-04-12,7,3,926,7164,43,282,Democratic,2922849,44,Nevada,West,12.9,14.7117,96.4812,2.Medium
NV,2020-04-19,7,4,913,6457,61,NA,Democratic,2922849,44,Nevada,West,14.1,20.87,NA,2.Medium
NV,2020-04-26,7,5,772,7179,52,NA,Democratic,2922849,44,Nevada,West,10.8,17.7909,NA,2.Medium
NV,2020-05-03,7,6,717,11724,53,NA,Democratic,2922849,44,Nevada,West,6.1,18.133,NA,2.Medium
NV,2020-05-10,7,7,634,17553,35,476.14285714285717,Democratic,2922849,44,Nevada,West,3.6,11.9746,162.9037,2.Medium
NV,2020-05-17,7,8,1034,33383,35,414.85714285714283,Democratic,2922849,44,Nevada,West,3.1,11.9746,141.9359,2.Medium
NV,2020-05-24,7,9,799,31485,35,394.14285714285717,Democratic,2922849,44,Nevada,West,2.5,11.9746,134.8489,2.Medium
NV,2020-05-31,7,10,965,33239,24,355.2857142857143,Democratic,2922849,44,Nevada,West,2.9,8.2112,121.5546,2.Medium
NV,2020-06-07,7,11,1486,33109,15,344.57142857142856,Democratic,2922849,44,Nevada,West,4.5,5.132,117.8889,2.Medium
NV,2020-06-14,7,12,1985,34083,13,354.85714285714283,Democratic,2922849,44,Nevada,West,5.8,4.4477,121.408,2.Medium
NY,2020-03-15,7,-1,9832,42134,44,767.2,Democratic,19618453,99,New York,Northeast,23.3,2.2428,39.106,1.Long
NY,2020-03-22,7,0,41962,110497,684,4461.428571428572,Democratic,19618453,99,New York,Northeast,38,34.8651,227.4098,1.Long
NY,2020-03-29,7,1,61386,127687,2837,12181.857142857143,Democratic,19618453,99,New York,Northeast,48.1,144.6088,620.9387,1.Long
NY,2020-04-05,7,2,66754,157359,5062,17770,Democratic,19618453,99,New York,Northeast,42.4,258.0224,905.7799,1.Long
NY,2020-04-12,7,3,56274,155552,4735,18083.14285714286,Democratic,19618453,99,New York,Northeast,36.2,241.3544,921.7415,1.Long
NY,2020-04-19,7,4,45411,181036,3237,15251.714285714286,Democratic,19618453,99,New York,Northeast,25.1,164.9977,777.4168,1.Long
NY,2020-04-26,7,5,30834,181503,2310,11914.714285714286,Democratic,19618453,99,New York,Northeast,17,117.7463,607.3218,1.Long
NY,2020-05-03,7,6,20145,194697,2362,8978.857142857143,Democratic,19618453,99,New York,Northeast,10.3,120.3969,457.6741,1.Long
NY,2020-05-10,7,7,15110,224949,1207,6831,Democratic,19618453,99,New York,Northeast,6.7,61.5237,348.1926,1.Long
NY,2020-05-17,7,8,11694,273344,804,5428.571428571428,Democratic,19618453,99,New York,Northeast,4.3,40.9818,276.7074,1.Long
NY,2020-05-24,7,9,9734,353320,566,4089.1428571428573,Democratic,19618453,99,New York,Northeast,2.8,28.8504,208.4335,1.Long
NY,2020-05-31,7,10,7656,432026,364,3006.5714285714284,Democratic,19618453,99,New York,Northeast,1.8,18.554,153.2522,1.Long
NY,2020-06-07,7,11,5314,434833,315,2143.714285714286,Democratic,19618453,99,New York,Northeast,1.2,16.0563,109.2703,1.Long
NY,2020-06-14,7,12,4642,455553,183,1449.142857142857,Democratic,19618453,99,New York,Northeast,1,9.328,73.8663,1.Long
OH,2020-03-15,7,-1,234,324,3,NA,Republican,11641879,57,Ohio,North Central,72.2,0.2577,NA,2.Medium
OH,2020-03-22,7,0,1159,20031,22,NA,Republican,11641879,57,Ohio,North Central,5.8,1.8897,NA,2.Medium
OH,2020-03-29,7,1,2333,21453,77,NA,Republican,11641879,57,Ohio,North Central,10.9,6.6141,NA,2.Medium
OH,2020-04-05,7,2,2511,18600,145,NA,Republican,11641879,57,Ohio,North Central,13.5,12.455,NA,2.Medium
OH,2020-04-12,7,3,3972,18570,204,NA,Republican,11641879,57,Ohio,North Central,21.4,17.5229,NA,2.Medium
OH,2020-04-19,7,4,5365,32942,260,NA,Republican,11641879,57,Ohio,North Central,16.3,22.3332,NA,2.Medium
OH,2020-04-26,7,5,3748,33836,310,1003,Republican,11641879,57,Ohio,North Central,11.1,26.628,86.1545,2.Medium
OH,2020-05-03,7,6,4362,50851,310,1024.142857142857,Republican,11641879,57,Ohio,North Central,8.6,26.628,87.9706,2.Medium
OH,2020-05-10,7,7,3777,50032,279,956,Republican,11641879,57,Ohio,North Central,7.5,23.9652,82.1173,2.Medium
OH,2020-05-17,7,8,3934,69792,346,895.7142857142857,Republican,11641879,57,Ohio,North Central,5.6,29.7203,76.939,2.Medium
OH,2020-05-24,7,9,3626,65453,193,858.4285714285714,Republican,11641879,57,Ohio,North Central,5.5,16.5781,73.7363,2.Medium
OH,2020-05-31,7,10,3077,76579,221,704.7142857142857,Republican,11641879,57,Ohio,North Central,4,18.9832,60.5327,2.Medium
OH,2020-06-07,7,11,2737,80372,184,583.8571428571429,Republican,11641879,57,Ohio,North Central,3.4,15.805,50.1515,2.Medium
OH,2020-06-14,7,12,3414,91067,143,521,Republican,11641879,57,Ohio,North Central,3.7,12.2832,44.7522,2.Medium
OK,2020-03-15,7,-1,49,573,1,NA,Republican,3918137,35,Oklahoma,South,8.6,0.2552,NA,2.Medium
OK,2020-03-22,7,0,324,944,14,NA,Republican,3918137,35,Oklahoma,South,34.3,3.5731,NA,2.Medium
OK,2020-03-29,7,1,782,964,27,175.66666666666666,Republican,3918137,35,Oklahoma,South,81.1,6.891,44.8342,2.Medium
OK,2020-04-05,7,2,709,20137,52,215.33333333333334,Republican,3918137,35,Oklahoma,South,3.5,13.2716,54.9581,2.Medium
OK,2020-04-12,7,3,702,12878,45,288.85714285714283,Republican,3918137,35,Oklahoma,South,5.5,11.4851,73.7231,2.Medium
OK,2020-04-19,7,4,623,17548,55,308.2857142857143,Republican,3918137,35,Oklahoma,South,3.6,14.0373,78.6817,2.Medium
OK,2020-04-26,7,5,658,10571,44,280.7142857142857,Republican,3918137,35,Oklahoma,South,6.2,11.2298,71.6448,2.Medium
OK,2020-05-03,7,6,639,32214,32,223.71428571428572,Republican,3918137,35,Oklahoma,South,2,8.1671,57.0971,2.Medium
OK,2020-05-10,7,7,747,27530,18,196.28571428571428,Republican,3918137,35,Oklahoma,South,2.7,4.594,50.0967,2.Medium
OK,2020-05-17,7,8,723,37504,23,171,Republican,3918137,35,Oklahoma,South,1.9,5.8701,43.6432,2.Medium
OK,2020-05-24,7,9,458,32215,23,166.5,Republican,3918137,35,Oklahoma,South,1.4,5.8701,42.4947,2.Medium
OK,2020-05-31,7,10,585,28483,11,148.28571428571428,Republican,3918137,35,Oklahoma,South,2.1,2.8075,37.846,2.Medium
OK,2020-06-07,7,11,1070,24838,14,153.57142857142858,Republican,3918137,35,Oklahoma,South,4.3,3.5731,39.195,2.Medium
OK,2020-06-14,7,12,1964,35523,9,179.42857142857142,Republican,3918137,35,Oklahoma,South,5.5,2.297,45.7944,2.Medium
OR,2020-03-15,7,-1,84,1750,3,NA,Democratic,4081943,88,Oregon,West,4.8,0.7349,NA,1.Long
OR,2020-03-22,7,0,365,8055,10,99,Democratic,4081943,88,Oregon,West,4.5,2.4498,24.2532,1.Long
OR,2020-03-29,7,1,520,7362,13,137.5,Democratic,4081943,88,Oregon,West,7.1,3.1848,33.6849,1.Long
OR,2020-04-05,7,2,372,9690,22,147,Democratic,4081943,88,Oregon,West,3.8,5.3896,36.0123,1.Long
OR,2020-04-12,7,3,473,10359,24,304.2857142857143,Democratic,4081943,88,Oregon,West,4.6,5.8796,74.5443,1.Long
OR,2020-04-19,7,4,409,9794,15,287.85714285714283,Democratic,4081943,88,Oregon,West,4.2,3.6747,70.5196,1.Long
OR,2020-04-26,7,5,382,12759,22,233.42857142857142,Democratic,4081943,88,Oregon,West,3,5.3896,57.1857,1.Long
OR,2020-05-03,7,6,525,14484,18,184.42857142857142,Democratic,4081943,88,Oregon,West,3.6,4.4097,45.1816,1.Long
OR,2020-05-10,7,7,452,17579,10,161.71428571428572,Democratic,4081943,88,Oregon,West,2.6,2.4498,39.617,1.Long
OR,2020-05-17,7,8,276,18008,10,138.57142857142858,Democratic,4081943,88,Oregon,West,1.5,2.4498,33.9474,1.Long
OR,2020-05-24,7,9,297,16588,6,138.85714285714286,Democratic,4081943,88,Oregon,West,1.8,1.4699,34.0174,1.Long
OR,2020-05-31,7,10,477,19364,10,115,Democratic,4081943,88,Oregon,West,2.5,2.4498,28.1729,1.Long
OR,2020-06-07,7,11,715,20030,10,133.57142857142858,Democratic,4081943,88,Oregon,West,3.6,2.4498,32.7225,1.Long
OR,2020-06-14,7,12,1373,27906,16,144.85714285714286,Democratic,4081943,88,Oregon,West,4.9,3.9197,35.4873,1.Long
PA,2020-03-15,7,-1,324,3885,2,NA,Democratic,12791181,64,Pennsylvania,Northeast,8.3,0.1564,NA,1.Long
PA,2020-03-22,7,0,2380,23868,32,NA,Democratic,12791181,64,Pennsylvania,Northeast,10,2.5017,NA,1.Long
PA,2020-03-29,7,1,7266,42025,102,NA,Democratic,12791181,64,Pennsylvania,Northeast,17.3,7.9742,NA,1.Long
PA,2020-04-05,7,2,11638,50123,358,1960.2,Democratic,12791181,64,Pennsylvania,Northeast,23.2,27.988,153.2462,1.Long
PA,2020-04-12,7,3,9414,33812,342,2397.1428571428573,Democratic,12791181,64,Pennsylvania,Northeast,27.8,26.7372,187.4059,1.Long
PA,2020-04-19,7,4,8980,38970,701,2726.5714285714284,Democratic,12791181,64,Pennsylvania,Northeast,23,54.8034,213.1603,1.Long
PA,2020-04-26,7,5,8256,42441,881,2737.285714285714,Democratic,12791181,64,Pennsylvania,Northeast,19.5,68.8756,213.9979,1.Long
PA,2020-05-03,7,6,7011,41731,1270,2503.5714285714284,Democratic,12791181,64,Pennsylvania,Northeast,16.8,99.2872,195.7264,1.Long
PA,2020-05-10,7,7,6295,50729,715,2056.4285714285716,Democratic,12791181,64,Pennsylvania,Northeast,12.4,55.8979,160.7692,1.Long
PA,2020-05-17,7,8,5372,60616,693,1739.857142857143,Democratic,12791181,64,Pennsylvania,Northeast,8.9,54.178,136.0201,1.Long
PA,2020-05-24,7,9,5048,59320,441,1488.5714285714287,Democratic,12791181,64,Pennsylvania,Northeast,8.5,34.4769,116.3748,1.Long
PA,2020-05-31,7,10,3675,63056,394,1234.5714285714287,Democratic,12791181,64,Pennsylvania,Northeast,5.8,30.8025,96.5174,1.Long
PA,2020-06-07,7,11,2756,64223,280,1013.1428571428571,Democratic,12791181,64,Pennsylvania,Northeast,4.3,21.8901,79.2064,1.Long
PA,2020-06-14,7,12,2804,72676,208,782.4285714285714,Democratic,12791181,64,Pennsylvania,Northeast,3.9,16.2612,61.1694,1.Long
RI,2020-03-15,7,-1,46,710,0,NA,Democratic,1056611,41,Rhode Island,Northeast,6.5,0,NA,2.Medium
RI,2020-03-22,7,0,173,1852,0,23.75,Democratic,1056611,41,Rhode Island,Northeast,9.3,0,22.4775,2.Medium
RI,2020-03-29,7,1,567,3610,17,62.42857142857143,Democratic,1056611,41,Rhode Island,Northeast,15.7,16.0892,59.0838,2.Medium
RI,2020-04-05,7,2,1543,11817,39,141.42857142857142,Democratic,1056611,41,Rhode Island,Northeast,13.1,36.9105,133.8511,2.Medium
RI,2020-04-12,7,3,2130,14607,94,232.85714285714286,Democratic,1056611,41,Rhode Island,Northeast,14.6,88.9637,220.3811,2.Medium
RI,2020-04-19,7,4,2650,18077,65,294.85714285714283,Democratic,1056611,41,Rhode Island,Northeast,14.7,61.5174,279.0593,2.Medium
RI,2020-04-26,7,5,2160,19037,81,297.57142857142856,Democratic,1056611,41,Rhode Island,Northeast,11.3,76.6602,281.6282,2.Medium
RI,2020-05-03,7,6,1700,17887,122,320.2857142857143,Democratic,1056611,41,Rhode Island,Northeast,9.5,115.4635,303.1255,2.Medium
RI,2020-05-10,7,7,1445,20665,71,274.42857142857144,Democratic,1056611,41,Rhode Island,Northeast,7,67.196,259.7253,2.Medium
RI,2020-05-17,7,8,1518,21652,108,247,Democratic,1056611,41,Rhode Island,Northeast,7,102.2136,233.7663,2.Medium
RI,2020-05-24,7,9,867,20185,114,226.28571428571428,Democratic,1056611,41,Rhode Island,Northeast,4.3,107.8921,214.1618,2.Medium
RI,2020-05-31,7,10,622,20422,61,189.57142857142858,Democratic,1056611,41,Rhode Island,Northeast,3,57.7317,179.4146,2.Medium
RI,2020-06-07,7,11,506,20779,61,149.71428571428572,Democratic,1056611,41,Rhode Island,Northeast,2.4,57.7317,141.6929,2.Medium
RI,2020-06-14,7,12,390,23071,61,127.85714285714286,Democratic,1056611,41,Rhode Island,Northeast,1.7,57.7317,121.0068,2.Medium
SC,2020-03-15,7,-1,139,1284,1,NA,Republican,4955925,27,South Carolina,South,10.8,0.2018,NA,3.Short
SC,2020-03-22,7,0,387,1540,12,NA,Republican,4955925,27,South Carolina,South,25.1,2.4213,NA,3.Short
SC,2020-03-29,7,1,1378,15367,27,NA,Republican,4955925,27,South Carolina,South,9,5.448,NA,3.Short
SC,2020-04-05,7,2,1290,11779,40,NA,Republican,4955925,27,South Carolina,South,11,8.0711,NA,3.Short
SC,2020-04-12,7,3,1039,8740,39,NA,Republican,4955925,27,South Carolina,South,11.9,7.8694,NA,3.Short
SC,2020-04-19,7,4,1007,10181,47,NA,Republican,4955925,27,South Carolina,South,9.9,9.4836,NA,3.Short
SC,2020-04-26,7,5,1236,12602,101,NA,Republican,4955925,27,South Carolina,South,9.8,20.3796,NA,3.Short
SC,2020-05-03,7,6,1042,19347,63,NA,Republican,4955925,27,South Carolina,South,5.4,12.7121,NA,3.Short
SC,2020-05-10,7,7,876,28653,50,NA,Republican,4955925,27,South Carolina,South,3.1,10.0889,NA,3.Short
SC,2020-05-17,7,8,1488,49294,45,424.3333333333333,Republican,4955925,27,South Carolina,South,3,9.08,85.6214,3.Short
SC,2020-05-24,7,9,1499,30609,62,411.7142857142857,Republican,4955925,27,South Carolina,South,4.9,12.5103,83.0752,3.Short
SC,2020-05-31,7,10,2522,43225,58,438.42857142857144,Republican,4955925,27,South Carolina,South,5.8,11.7032,88.4655,3.Short
SC,2020-06-07,7,11,4039,9162,54,509.57142857142856,Republican,4955925,27,South Carolina,South,44.1,10.896,102.8206,3.Short
SC,2020-06-14,7,12,5831,54343,45,599.1428571428571,Republican,4955925,27,South Carolina,South,10.7,9.08,120.8943,3.Short
SD,2020-03-15,7,-1,5,514,1,NA,Republican,864289,0,South Dakota,North Central,1,1.157,NA,4.None
SD,2020-03-22,7,0,54,1955,0,NA,Republican,864289,0,South Dakota,North Central,2.8,0,NA,4.None
SD,2020-03-29,7,1,144,2564,1,NA,Republican,864289,0,South Dakota,North Central,5.6,1.157,NA,4.None
SD,2020-04-05,7,2,414,2780,4,NA,Republican,864289,0,South Dakota,North Central,14.9,4.6281,NA,4.None
SD,2020-04-12,7,3,916,3656,1,NA,Republican,864289,0,South Dakota,North Central,25.1,1.157,NA,4.None
SD,2020-04-19,7,4,605,3936,3,61.4,Republican,864289,0,South Dakota,North Central,15.4,3.4711,71.0411,4.None
SD,2020-04-26,7,5,441,2495,11,68.42857142857143,Republican,864289,0,South Dakota,North Central,17.7,12.7272,79.1733,4.None
SD,2020-05-03,7,6,805,4861,13,73.14285714285714,Republican,864289,0,South Dakota,North Central,16.6,15.0413,84.6278,4.None
SD,2020-05-10,7,7,566,5224,10,78.28571428571429,Republican,864289,0,South Dakota,North Central,10.8,11.5702,90.5782,4.None
SD,2020-05-17,7,8,509,5352,6,82,Republican,864289,0,South Dakota,North Central,9.5,6.9421,94.8757,4.None
SD,2020-05-24,7,9,492,9410,12,97.71428571428571,Republican,864289,0,South Dakota,North Central,5.2,13.8842,113.0574,4.None
SD,2020-05-31,7,10,407,12520,3,87.28571428571429,Republican,864289,0,South Dakota,North Central,3.3,3.4711,100.9914,4.None
SD,2020-06-07,7,11,466,9055,10,89.85714285714286,Republican,864289,0,South Dakota,North Central,5.1,11.5702,103.9665,4.None
SD,2020-06-14,7,12,392,7402,6,91.71428571428571,Republican,864289,0,South Dakota,North Central,5.3,6.9421,106.1153,4.None
TN,2020-03-15,7,-1,339,3481,0,NA,Republican,6651089,30,Tennessee,South,9.7,0,NA,3.Short
TN,2020-03-22,7,0,1002,14695,6,NA,Republican,6651089,30,Tennessee,South,6.8,0.9021,NA,3.Short
TN,2020-03-29,7,1,1948,23053,37,NA,Republican,6651089,30,Tennessee,South,8.5,5.563,NA,3.Short
TN,2020-04-05,7,2,1793,25437,58,NA,Republican,6651089,30,Tennessee,South,7,8.7204,NA,3.Short
TN,2020-04-12,7,3,1648,23758,44,NA,Republican,6651089,30,Tennessee,South,6.9,6.6155,NA,3.Short
TN,2020-04-19,7,4,2427,50820,33,NA,Republican,6651089,30,Tennessee,South,4.8,4.9616,NA,3.Short
TN,2020-04-26,7,5,3472,54870,31,NA,Republican,6651089,30,Tennessee,South,6.3,4.6609,NA,3.Short
TN,2020-05-03,7,6,2107,56472,33,NA,Republican,6651089,30,Tennessee,South,3.7,4.9616,NA,3.Short
TN,2020-05-10,7,7,2520,67453,53,NA,Republican,6651089,30,Tennessee,South,3.7,7.9686,NA,3.Short
TN,2020-05-17,7,8,2501,53557,34,NA,Republican,6651089,30,Tennessee,South,4.7,5.1119,NA,3.Short
TN,2020-05-24,7,9,2777,53288,35,NA,Republican,6651089,30,Tennessee,South,5.2,5.2623,NA,3.Short
TN,2020-05-31,7,10,3505,64375,53,NA,Republican,6651089,30,Tennessee,South,5.4,7.9686,NA,3.Short
TN,2020-06-07,7,11,3470,109941,55,NA,Republican,6651089,30,Tennessee,South,3.2,8.2693,NA,3.Short
TN,2020-06-14,7,12,4905,73978,52,413,Republican,6651089,30,Tennessee,South,6.6,7.8183,62.0951,3.Short
TX,2020-03-15,7,-1,253,6471,5,NA,Republican,27885195,28,Texas,South,3.9,0.1793,NA,3.Short
TX,2020-03-22,7,0,1748,18738,22,NA,Republican,27885195,28,Texas,South,9.3,0.7889,NA,3.Short
TX,2020-03-29,7,1,4058,38491,78,196,Republican,27885195,28,Texas,South,10.5,2.7972,7.0288,3.Short
TX,2020-04-05,7,2,6451,56782,149,1315.4285714285713,Republican,27885195,28,Texas,South,11.4,5.3433,47.173,3.Short
TX,2020-04-12,7,3,5699,55706,199,1394.7142857142858,Republican,27885195,28,Texas,South,10.2,7.1364,50.0163,3.Short
TX,2020-04-19,7,4,5513,86577,170,1557,Republican,27885195,28,Texas,South,6.4,6.0964,55.8361,3.Short
TX,2020-04-26,7,5,6749,117832,224,1668.2857142857142,Republican,27885195,28,Texas,South,5.7,8.0329,59.8269,3.Short
TX,2020-05-03,7,6,7338,108646,202,1713.142857142857,Republican,27885195,28,Texas,South,6.8,7.244,61.4356,3.Short
TX,2020-05-10,7,7,9139,149445,256,1672.4285714285713,Republican,27885195,28,Texas,South,6.1,9.1805,59.9755,3.Short
TX,2020-05-17,7,8,7510,123967,201,1647.4285714285713,Republican,27885195,28,Texas,South,6.1,7.2081,59.079,3.Short
TX,2020-05-24,7,9,7829,165811,120,1629.5714285714287,Republican,27885195,28,Texas,South,4.7,4.3034,58.4386,3.Short
TX,2020-05-31,7,10,11215,164760,193,1739,Republican,27885195,28,Texas,South,6.8,6.9212,62.3628,3.Short
TX,2020-06-07,7,11,12458,167042,138,2062.5714285714284,Republican,27885195,28,Texas,South,7.5,4.9489,73.9665,3.Short
TX,2020-06-14,7,12,21724,203079,208,2752.285714285714,Republican,27885195,28,Texas,South,10.7,7.4592,98.7006,3.Short
UT,2020-03-15,7,-1,130,2423,0,NA,Republican,3045350,0,Utah,West,5.4,0,NA,4.None
UT,2020-03-22,7,0,466,8752,2,NA,Republican,3045350,0,Utah,West,5.3,0.6567,NA,4.None
UT,2020-03-29,7,1,826,16731,6,NA,Republican,3045350,0,Utah,West,4.9,1.9702,NA,4.None
UT,2020-04-05,7,2,778,14503,10,NA,Republican,3045350,0,Utah,West,5.4,3.2837,NA,4.None
UT,2020-04-12,7,3,725,17398,7,NA,Republican,3045350,0,Utah,West,4.2,2.2986,NA,4.None
UT,2020-04-19,7,4,1017,30262,16,NA,Republican,3045350,0,Utah,West,3.4,5.2539,NA,4.None
UT,2020-04-26,7,5,1033,27598,8,NA,Republican,3045350,0,Utah,West,3.7,2.627,NA,4.None
UT,2020-05-03,7,6,1122,25490,17,194,Republican,3045350,0,Utah,West,4.4,5.5823,63.7037,4.None
UT,2020-05-10,7,7,965,23480,12,157,Republican,3045350,0,Utah,West,4.1,3.9404,51.554,4.None
UT,2020-05-17,7,8,1192,24005,19,156.71428571428572,Republican,3045350,0,Utah,West,5,6.239,51.4602,4.None
UT,2020-05-24,7,9,1273,19326,15,137.57142857142858,Republican,3045350,0,Utah,West,6.6,4.9255,45.1743,4.None
UT,2020-05-31,7,10,2265,25044,9,147,Republican,3045350,0,Utah,West,9,2.9553,48.2703,4.None
UT,2020-06-07,7,11,2183,27633,18,209,Republican,3045350,0,Utah,West,7.9,5.9107,68.6292,4.None
UT,2020-06-14,7,12,3087,30095,16,236.28571428571428,Republican,3045350,0,Utah,West,10.3,5.2539,77.589,4.None
VA,2020-03-15,7,-1,122,2643,2,NA,Democratic,8413774,60,Virginia,South,4.6,0.2377,NA,2.Medium
VA,2020-03-22,7,0,587,6376,15,NA,Democratic,8413774,60,Virginia,South,9.2,1.7828,NA,2.Medium
VA,2020-03-29,7,1,1668,12386,35,246,Democratic,8413774,60,Virginia,South,13.5,4.1598,29.2378,2.Medium
VA,2020-04-05,7,2,2670,16447,78,1053,Democratic,8413774,60,Virginia,South,16.2,9.2705,125.1519,2.Medium
VA,2020-04-12,7,3,2976,13932,128,1217.2857142857142,Democratic,8413774,60,Virginia,South,21.4,15.2131,144.6777,2.Medium
VA,2020-04-19,7,4,4313,20711,178,1357.5714285714287,Democratic,8413774,60,Virginia,South,20.8,21.1558,161.3511,2.Medium
VA,2020-04-26,7,5,5365,29454,180,1481.7142857142858,Democratic,8413774,60,Virginia,South,18.2,21.3935,176.1058,2.Medium
VA,2020-05-03,7,6,5465,35053,211,1528.4285714285713,Democratic,8413774,60,Virginia,South,15.6,25.0779,181.6579,2.Medium
VA,2020-05-10,7,7,6487,48419,175,1523.2857142857142,Democratic,8413774,60,Virginia,South,13.4,20.7992,181.0467,2.Medium
VA,2020-05-17,7,8,6066,46902,157,1484.7142857142858,Democratic,8413774,60,Virginia,South,12.9,18.6599,176.4623,2.Medium
VA,2020-05-24,7,9,7862,73042,211,1440.857142857143,Democratic,8413774,60,Virginia,South,10.8,25.0779,171.2498,2.Medium
VA,2020-05-31,7,10,5786,65619,90,1306.2857142857142,Democratic,8413774,60,Virginia,South,8.8,10.6967,155.2556,2.Medium
VA,2020-06-07,7,11,4472,88862,81,1105.2857142857142,Democratic,8413774,60,Virginia,South,5,9.6271,131.3662,2.Medium
VA,2020-06-14,7,12,3574,71411,66,900.1428571428571,Democratic,8413774,60,Virginia,South,5,7.8443,106.9844,2.Medium
VT,2020-03-08,7,-2,7,314,0,NA,Republican,624977,52,Vermont,Northeast,2.2,0,NA,2.Medium
VT,2020-03-15,7,-1,44,792,2,NA,Republican,624977,52,Vermont,Northeast,5.6,3.2001,NA,2.Medium
VT,2020-03-22,7,0,182,2294,10,NA,Republican,624977,52,Vermont,Northeast,7.9,16.0006,NA,2.Medium
VT,2020-03-29,7,1,278,2328,8,27.6,Republican,624977,52,Vermont,Northeast,11.9,12.8005,44.1616,2.Medium
VT,2020-04-05,7,2,221,3042,5,37.57142857142857,Republican,624977,52,Vermont,Northeast,7.3,8.0003,60.1165,2.Medium
VT,2020-04-12,7,3,80,3229,13,48.57142857142857,Republican,624977,52,Vermont,Northeast,2.5,20.8008,77.7171,2.Medium
VT,2020-04-19,7,4,39,2097,8,41.857142857142854,Republican,624977,52,Vermont,Northeast,1.9,12.8005,66.9739,2.Medium
VT,2020-04-26,7,5,44,2006,5,25,Republican,624977,52,Vermont,Northeast,2.2,8.0003,40.0015,2.Medium
VT,2020-05-03,7,6,30,2488,2,20.428571428571427,Republican,624977,52,Vermont,Northeast,1.2,3.2001,32.6869,2.Medium
VT,2020-05-10,7,7,14,4521,0,17.857142857142858,Republican,624977,52,Vermont,Northeast,0.3,0,28.5725,2.Medium
VT,2020-05-17,7,8,14,4287,1,18,Republican,624977,52,Vermont,Northeast,0.3,1.6001,28.8011,2.Medium
VT,2020-05-24,7,9,23,5243,1,19.714285714285715,Republican,624977,52,Vermont,Northeast,0.4,1.6001,31.544,2.Medium
VT,2020-05-31,7,10,69,7416,0,13.857142857142858,Republican,624977,52,Vermont,Northeast,0.9,0,22.1722,2.Medium
VT,2020-06-07,7,11,79,9850,0,13.285714285714286,Republican,624977,52,Vermont,Northeast,0.8,0,21.2579,2.Medium
VT,2020-06-14,7,12,22,7095,1,12.428571428571429,Republican,624977,52,Vermont,Northeast,0.3,1.6001,19.8864,2.Medium
WA,2020-03-01,7,-3,613,1966,22,NA,Democratic,7294336,68,Washington,West,31.2,3.016,NA,1.Long
WA,2020-03-08,7,-2,1572,15925,24,NA,Democratic,7294336,68,Washington,West,9.9,3.2902,NA,1.Long
WA,2020-03-15,7,-1,2353,26915,60,NA,Democratic,7294336,68,Washington,West,8.7,8.2256,NA,1.Long
WA,2020-03-22,7,0,2560,28857,109,NA,Democratic,7294336,68,Washington,West,8.9,14.9431,NA,1.Long
WA,2020-03-29,7,1,2335,28781,145,574,Democratic,7294336,68,Washington,West,8.1,19.8784,78.6912,1.Long
WA,2020-04-05,7,2,1873,27802,129,636.5714285714286,Democratic,7294336,68,Washington,West,6.7,17.685,87.2693,1.Long
WA,2020-04-12,7,3,1802,25152,104,562.2857142857143,Democratic,7294336,68,Washington,West,7.2,14.2576,77.0853,1.Long
WA,2020-04-19,7,4,1703,27549,67,512.1428571428571,Democratic,7294336,68,Washington,West,6.2,9.1852,70.211,1.Long
WA,2020-04-26,7,5,1692,29158,159,477.42857142857144,Democratic,7294336,68,Washington,West,5.8,21.7977,65.452,1.Long
WA,2020-05-03,7,6,1473,29215,81,357.14285714285717,Democratic,7294336,68,Washington,West,5,11.1045,48.9617,1.Long
WA,2020-05-10,7,7,1563,29165,87,351.42857142857144,Democratic,7294336,68,Washington,West,5.4,11.9271,48.1783,1.Long
WA,2020-05-17,7,8,1654,33597,58,225.42857142857142,Democratic,7294336,68,Washington,West,4.9,7.9514,30.9046,1.Long
WA,2020-05-24,7,9,1783,31385,61,284.14285714285717,Democratic,7294336,68,Washington,West,5.7,8.3627,38.9539,1.Long
WA,2020-05-31,7,10,1952,34874,38,258.57142857142856,Democratic,7294336,68,Washington,West,5.6,5.2095,35.4482,1.Long
WA,2020-06-07,7,11,1758,58477,55,219.71428571428572,Democratic,7294336,68,Washington,West,3,7.5401,30.1212,1.Long
WA,2020-06-14,7,12,1695,46017,51,243,Democratic,7294336,68,Washington,West,3.7,6.9917,33.3135,1.Long
WI,2020-03-15,7,-1,292,4751,4,NA,Democratic,5778394,49,Wisconsin,North Central,6.1,0.6922,NA,2.Medium
WI,2020-03-22,7,0,819,11423,9,NA,Democratic,5778394,49,Wisconsin,North Central,7.2,1.5575,NA,2.Medium
WI,2020-03-29,7,1,1342,9969,43,NA,Democratic,5778394,49,Wisconsin,North Central,13.5,7.4415,NA,2.Medium
WI,2020-04-05,7,2,1346,12167,81,444,Democratic,5778394,49,Wisconsin,North Central,11.1,14.0177,76.838,2.Medium
WI,2020-04-12,7,3,1191,10473,74,405.42857142857144,Democratic,5778394,49,Wisconsin,North Central,11.4,12.8063,70.1628,2.Medium
WI,2020-04-19,7,4,1702,14878,55,366.14285714285717,Democratic,5778394,49,Wisconsin,North Central,11.4,9.5182,63.3641,2.Medium
WI,2020-04-26,7,5,2205,20637,68,498.7142857142857,Democratic,5778394,49,Wisconsin,North Central,10.7,11.768,86.3067,2.Medium
WI,2020-05-03,7,6,2482,28847,64,561.1428571428571,Democratic,5778394,49,Wisconsin,North Central,8.6,11.0757,97.1105,2.Medium
WI,2020-05-10,7,7,2476,34747,55,526,Democratic,5778394,49,Wisconsin,North Central,7.1,9.5182,91.0288,2.Medium
WI,2020-05-17,7,8,2965,48088,54,579,Democratic,5778394,49,Wisconsin,North Central,6.2,9.3452,100.2009,2.Medium
WI,2020-05-24,7,9,3539,67118,81,648.4285714285714,Democratic,5778394,49,Wisconsin,North Central,5.3,14.0177,112.2161,2.Medium
WI,2020-05-31,7,10,2555,74449,57,565.7142857142857,Democratic,5778394,49,Wisconsin,North Central,3.4,9.8643,97.9016,2.Medium
WI,2020-06-07,7,11,2152,75749,46,390,Democratic,5778394,49,Wisconsin,North Central,2.8,7.9607,67.4928,2.Medium
WI,2020-06-14,7,12,2237,68401,53,258.7142857142857,Democratic,5778394,49,Wisconsin,North Central,3.3,9.1721,44.7727,2.Medium
WV,2020-03-15,7,-1,11,315,0,NA,Republican,1829054,41,West Virginia,South,3.5,0,NA,2.Medium
WV,2020-03-22,7,0,85,2086,0,NA,Republican,1829054,41,West Virginia,South,4.1,0,NA,2.Medium
WV,2020-03-29,7,1,186,5259,2,NA,Republican,1829054,41,West Virginia,South,3.5,1.0935,NA,2.Medium
WV,2020-04-05,7,2,295,7766,3,85,Republican,1829054,41,West Virginia,South,3.8,1.6402,46.4721,2.Medium
WV,2020-04-12,7,3,208,3988,11,85.42857142857143,Republican,1829054,41,West Virginia,South,5.2,6.014,46.7064,2.Medium
WV,2020-04-19,7,4,235,13526,16,91.28571428571429,Republican,1829054,41,West Virginia,South,1.7,8.7477,49.9087,2.Medium
WV,2020-04-26,7,5,149,16180,16,90,Republican,1829054,41,West Virginia,South,0.9,8.7477,49.2058,2.Medium
WV,2020-05-03,7,6,166,11851,5,68.57142857142857,Republican,1829054,41,West Virginia,South,1.4,2.7337,37.4901,2.Medium
WV,2020-05-10,7,7,122,12396,11,52.857142857142854,Republican,1829054,41,West Virginia,South,1,6.014,28.8986,2.Medium
WV,2020-05-17,7,8,260,10351,8,48.57142857142857,Republican,1829054,41,West Virginia,South,2.5,4.3738,26.5555,2.Medium
WV,2020-05-24,7,9,257,12146,3,33,Republican,1829054,41,West Virginia,South,2.1,1.6402,18.0421,2.Medium
WV,2020-05-31,7,10,157,13833,9,30.142857142857142,Republican,1829054,41,West Virginia,South,1.1,4.9206,16.48,2.Medium
WV,2020-06-07,7,11,128,17794,4,28,Republican,1829054,41,West Virginia,South,0.7,2.1869,15.3085,2.Medium
WV,2020-06-14,7,12,227,20879,0,24.428571428571427,Republican,1829054,41,West Virginia,South,1.1,0,13.3559,2.Medium
WY,2020-03-15,7,-1,21,459,0,NA,Republican,581836,0,Wyoming,West,4.6,0,NA,4.None
WY,2020-03-22,7,0,59,1096,0,NA,Republican,581836,0,Wyoming,West,5.4,0,NA,4.None
WY,2020-03-29,7,1,105,1575,0,NA,Republican,581836,0,Wyoming,West,6.7,0,NA,4.None
WY,2020-04-05,7,2,74,2327,0,NA,Republican,581836,0,Wyoming,West,3.2,0,NA,4.None
WY,2020-04-12,7,3,44,1063,2,19,Republican,581836,0,Wyoming,West,4.1,3.4374,32.6552,4.None
WY,2020-04-19,7,4,44,1624,5,18,Republican,581836,0,Wyoming,West,2.7,8.5935,30.9366,4.None
WY,2020-04-26,7,5,217,1883,0,14.142857142857142,Republican,581836,0,Wyoming,West,11.5,0,24.3073,4.None
WY,2020-05-03,7,6,78,2018,0,11.714285714285714,Republican,581836,0,Wyoming,West,3.9,0,20.1333,4.None
WY,2020-05-10,7,7,72,4347,0,9.714285714285714,Republican,581836,0,Wyoming,West,1.7,0,16.6959,4.None
WY,2020-05-17,7,8,97,3640,5,8.714285714285714,Republican,581836,0,Wyoming,West,2.7,8.5935,14.9772,4.None
WY,2020-05-24,7,9,85,4049,4,12.428571428571429,Republican,581836,0,Wyoming,West,2.1,6.8748,21.361,4.None
WY,2020-05-31,7,10,41,4425,1,6.285714285714286,Republican,581836,0,Wyoming,West,0.9,1.7187,10.8032,4.None
WY,2020-06-07,7,11,111,4547,1,6.285714285714286,Republican,581836,0,Wyoming,West,2.4,1.7187,10.8032,4.None
WY,2020-06-14,7,12,129,-5714,2,6.714285714285714,Republican,581836,0,Wyoming,West,0,3.4374,11.5398,4.None
